Country,Funding_Agency,Partner,Indicator,Fiscal_Year,Targets,Q1,Q2,Q3,Q4,Annual_Total
Kenya,USAID,AMPATHplus,HTS_TST,2020,640565,190488,193543,167755,213955,765741
Kenya,HHS/CDC,AMREF Nairobi Kitui,HTS_TST,2020,49123,6443,6741,5718,11690,30592
Kenya,USAID,Afya Jijini,HTS_TST,2020,295863,58256,53641,45851,54088,211836
Kenya,USAID,Afya Kamilisha,HTS_TST,2020,285813,67951,76701,58621,65383,268656
Kenya,USAID,Afya Nyota ya Bonde,HTS_TST,2020,395929,76070,81891,75912,94288,328161
Kenya,USAID,Afya Pwani,HTS_TST,2020,358509,99789,105671,92601,105034,403095
Kenya,USAID,Afya Ziwani,HTS_TST,2020,123243,37629,33307,32924,44957,148817
Kenya,HHS/CDC,Bomu Hospital Affiliated Sites,HTS_TST,2020,51336,6673,10956,14343,21267,53239
Kenya,HHS/CDC,CHAK CHAP Uzima,HTS_TST,2020,147894,39097,40233,34568,38969,152867
Kenya,HHS/CDC,CHS Naishi,HTS_TST,2020,244476,113522,103474,68086,68787,353869
Kenya,HHS/CDC,CHS Shinda,HTS_TST,2020,164554,63531,45027,32999,30870,172427
Kenya,HHS/CDC,CHS Tegemeza Plus,HTS_TST,2020,173614,67778,60715,42200,47760,218453
Kenya,HHS/CDC,Columbia STARS,HTS_TST,2020,31921,4545,5460,2364,4721,17090
Kenya,HHS/CDC,Coptic Hospitals,HTS_TST,2020,65215,12189,9562,9293,15334,46378
Kenya,HHS/CDC,EGPAF Timiza,HTS_TST,2020,279800,105344,122270,96004,67580,391198
Kenya,HHS/CDC,Faith-Based Sites in the Eastern Slums of Nairobi,HTS_TST,2020,71653,13676,11411,7459,8802,41348
Kenya,HHS/CDC,HWWK Nairobi Eastern,HTS_TST,2020,10428,7147,9375,6457,11350,34329
Kenya,USAID,Health Communication & Marketing (HCM),HTS_TST,2020,73259,27452,8462,,,35914
Kenya,HHS/CDC,IRDO Tuungane 3,HTS_TST,2020,100384,11729,20028,20202,21856,73815
Kenya,USAID,Integrated Program for both HIV infected and affected children and their households,HTS_TST,2020,5205,1164,1085,768,1206,4223
Kenya,HHS/CDC,KCCB KARP,HTS_TST,2020,141879,45726,30176,17380,17027,110309
Kenya,HHS/CDC,Kenya Prison Services,HTS_TST,2020,52690,24425,22992,8077,13354,68848
Kenya,DOD,Kisumu West,HTS_TST,2020,37678,11372,10536,7070,8637,37615
Kenya,HHS/CDC,LVCT Daraja,HTS_TST,2020,34317,21978,20496,18426,21537,82437
Kenya,HHS/CDC,LVCT Steps,HTS_TST,2020,29927,25439,12882,8518,14102,60941
Kenya,USAID,Linkages,HTS_TST,2020,2941,,,,,0
Kenya,USAID,Meeting Targets and Maintaining Epidemic Control (EpiC),HTS_TST,2020,,2409,2286,4206,4124,13025
Kenya,USAID,Mwendo,HTS_TST,2020,280,,,,,0
Kenya,HHS/CDC,Ngima for Sure,HTS_TST,2020,4812,2347,1273,915,850,5385
Kenya,DOD,South Rift Valley,HTS_TST,2020,195429,66162,71852,57981,71935,267930
Kenya,HHS/CDC,UCSF Clinical Kisumu,HTS_TST,2020,184406,40127,48053,28148,38543,154871
Kenya,HHS/CDC,UMB PACT Kamili,HTS_TST,2020,171669,65093,56365,29052,40260,190770
Kenya,HHS/CDC,UMB Timiza,HTS_TST,2020,448202,156370,100249,66276,70072,392967
Kenya,HHS/CDC,UON COE Niche,HTS_TST,2020,87346,13842,10642,6510,16920,47914
Kenya,HHS/CDC,UON CRISSP Plus,HTS_TST,2020,158974,72816,66769,45450,49255,234290
Kenya,USAID,AMPATHplus,HTS_TST,2021,801662,162669,186158,135164,95799,579790
Kenya,HHS/CDC,AMREF Nairobi Kitui,HTS_TST,2021,21131,7443,6917,4853,4227,23440
Kenya,USAID,Afya Jijini,HTS_TST,2021,134273,93926,99639,,,193565
Kenya,USAID,Afya Nyota ya Bonde,HTS_TST,2021,223964,117070,142187,,,259257
Kenya,USAID,Afya Pwani,HTS_TST,2021,179753,86497,87357,85867,,259721
Kenya,USAID,Afya Ziwani,HTS_TST,2021,42508,35840,32360,28719,,96919
Kenya,HHS/CDC,Bomu Hospital Affiliated Sites,HTS_TST,2021,39767,18254,15527,15123,14105,63009
Kenya,HHS/CDC,CHAK CHAP Uzima,HTS_TST,2021,120563,40757,36397,26818,24999,128971
Kenya,HHS/CDC,CHS Naishi,HTS_TST,2021,242669,60064,73698,56718,56821,247301
Kenya,HHS/CDC,CHS Shinda,HTS_TST,2021,195278,42963,59826,46215,29075,178079
Kenya,HHS/CDC,CHS Tegemeza Plus,HTS_TST,2021,174024,46597,51237,36470,36033,170337
Kenya,HHS/CDC,Columbia STARS,HTS_TST,2021,26307,5599,5670,5733,4167,21169
Kenya,HHS/CDC,Coptic Hospitals,HTS_TST,2021,35191,12156,12154,7995,7889,40194
Kenya,HHS/CDC,EGPAF Timiza,HTS_TST,2021,305875,70384,67043,48522,53082,239031
Kenya,HHS/CDC,Faith-Based Sites in the Eastern Slums of Nairobi,HTS_TST,2021,32327,7805,10956,6009,6253,31023
Kenya,HHS/CDC,HWWK Nairobi Eastern,HTS_TST,2021,15914,11109,12882,9828,7751,41570
Kenya,USAID,Health Communication & Marketing (HCM),HTS_TST,2021,29315,,,,,0
Kenya,HHS/CDC,IRDO Tuungane 3,HTS_TST,2021,115945,15608,19859,10761,8082,54310
Kenya,USAID,Integrated Program for both HIV infected and affected children and their households,HTS_TST,2021,2958,1268,1195,1031,715,4209
Kenya,HHS/CDC,KCCB KARP,HTS_TST,2021,126079,17463,22641,15376,13071,68551
Kenya,DOD,Kisumu West,HTS_TST,2021,27680,7907,6978,6230,5565,26680
Kenya,HHS/CDC,LVCT Daraja,HTS_TST,2021,19875,29404,24113,17702,9761,80980
Kenya,HHS/CDC,LVCT PRISONS,HTS_TST,2021,55200,11914,14984,12579,19215,58692
Kenya,HHS/CDC,LVCT Steps,HTS_TST,2021,28118,21103,29145,18413,7756,76417
Kenya,USAID,Liverpool VCT Care & Treatment - (LVCT Health),HTS_TST,2021,119791,,,,89218,89218
Kenya,HHS/CDC,Ngima for Sure,HTS_TST,2021,5199,660,752,484,440,2336
Kenya,DOD,South Rift Valley,HTS_TST,2021,382755,63494,84084,48881,56537,252996
Kenya,HHS/CDC,UCSF Clinical Kisumu,HTS_TST,2021,140675,28963,27403,30659,21007,108032
Kenya,HHS/CDC,UMB PACT Kamili,HTS_TST,2021,65054,30201,35616,34385,33500,133702
Kenya,HHS/CDC,UMB Timiza,HTS_TST,2021,277361,55484,60839,65446,66765,248534
Kenya,HHS/CDC,UON COE Niche,HTS_TST,2021,42959,17282,15240,12958,12868,58348
Kenya,HHS/CDC,UON CRISSP Plus,HTS_TST,2021,188651,45770,45809,34148,42284,168011
Kenya,USAID,USAID Boresha Jamii,HTS_TST,2021,151992,,,,55531,55531
Kenya,USAID,USAID Fahari ya Jamii,HTS_TST,2021,125788,,,63015,68844,131859
Kenya,USAID,USAID IMARISHA JAMII Program,HTS_TST,2021,104212,,,27542,48878,76420
Kenya,USAID,USAID Jamii Tekelezi,HTS_TST,2021,96268,,,28105,42189,70294
Kenya,USAID,USAID Tujenge Jamii Activity,HTS_TST,2021,118931,,,67799,78207,146006
Kenya,HHS/CDC,Bomu Hospital Affiliated Sites,HTS_TST,2022,47191,12344,16766,9097,10765,48972
Kenya,HHS/CDC,CHAK CHAP Uzima,HTS_TST,2022,124507,20068,24391,17749,13774,75982
Kenya,HHS/CDC,CHS SHINDA TENA,HTS_TST,2022,212644,27077,34084,11373,14545,87079
Kenya,HHS/CDC,CHS Tegemeza Plus,HTS_TST,2022,114317,26450,35609,27223,25676,114958
Kenya,HHS/CDC,CIHEB CONNECT Nairobi,HTS_TST,2022,210029,60963,67711,69171,59055,256900
Kenya,HHS/CDC,CIHEB ENTRENCH,HTS_TST,2022,322762,66600,78824,51366,24550,221340
Kenya,HHS/CDC,CIHEB PACT Imara,HTS_TST,2022,252656,52339,63891,41743,22081,180054
Kenya,HHS/CDC,COUNTY GOVERNMENT OF HOMA BAY,HTS_TST,2022,4012,1379,1041,1058,721,4199
Kenya,HHS/CDC,Coptic Hospitals,HTS_TST,2022,29966,5644,5926,6654,8952,27176
Kenya,HHS/CDC,Faith-Based Sites in the Eastern Slums of Nairobi,HTS_TST,2022,38521,5158,7506,4815,3552,21031
Kenya,USAID,Integrated Program for both HIV infected and affected children and their households,HTS_TST,2022,6467,734,506,547,,1787
Kenya,HHS/CDC,KCCB KARP,HTS_TST,2022,134221,11296,11650,9199,6359,38504
Kenya,DOD,Kisumu West,HTS_TST,2022,23282,5116,6171,4901,1312,17500
Kenya,HHS/CDC,LVCT PRISONS,HTS_TST,2022,30584,12759,15732,11893,9769,50153
Kenya,HHS/CDC,LVCT Vukisha 95,HTS_TST,2022,330457,68418,76849,58111,25232,228610
Kenya,USAID,Liverpool VCT Care & Treatment - (LVCT Health),HTS_TST,2022,387075,69387,76653,72403,80253,298696
Kenya,HHS/CDC,MIGORI COUNTY HEALTH MANAGEMENT TEAM,HTS_TST,2022,2593,2113,2415,2567,1123,8218
Kenya,HHS/CDC,NGIMA for sure,HTS_TST,2022,10281,1327,1306,658,667,3958
Kenya,HHS/CDC,NYERI COUNTY DEPARTMENT OF HEALTH SERVICES,HTS_TST,2022,4768,1277,2119,1310,1099,5805
Kenya,DOD,South Rift Valley,HTS_TST,2022,236738,55434,72584,60786,45647,234451
Kenya,HHS/CDC,UON CRISSP Plus,HTS_TST,2022,203463,48775,65014,31660,40751,186200
Kenya,USAID,USAID AMPATH Uzima,HTS_TST,2022,351549,39142,53654,51132,52817,196745
Kenya,USAID,USAID Boresha Jamii,HTS_TST,2022,378665,48425,46240,42199,26131,162995
Kenya,USAID,USAID Dumisha Afya,HTS_TST,2022,224305,25702,31619,27131,21929,106381
Kenya,USAID,USAID Fahari ya Jamii,HTS_TST,2022,294008,57795,57444,47285,47140,209664
Kenya,USAID,USAID IMARISHA JAMII Program,HTS_TST,2022,100800,26618,31085,28718,19481,105902
Kenya,USAID,USAID Jamii Tekelezi,HTS_TST,2022,167772,44642,52386,43498,33455,173981
Kenya,USAID,USAID Tujenge Jamii Activity,HTS_TST,2022,230404,48175,63476,53244,34634,199529
Kenya,HHS/CDC,CHAP Stawisha,HTS_TST,2023,36558,7001,8024,10278,11461,36764
Kenya,HHS/CDC,CHS SHINDA TENA,HTS_TST,2023,172669,25389,22816,49705,58697,156607
Kenya,HHS/CDC,CIHEB CONNECT Nairobi,HTS_TST,2023,235335,62673,80124,90058,88358,321213
Kenya,HHS/CDC,CIHEB ENTRENCH,HTS_TST,2023,305697,59584,76779,111735,106899,354997
Kenya,HHS/CDC,CIHEB PACT Imara,HTS_TST,2023,208283,52170,62229,75395,79281,269075
Kenya,HHS/CDC,COUNTY GOVERNMENT OF HOMA BAY,HTS_TST,2023,4148,2333,3191,2290,1832,9646
Kenya,HHS/CDC,Coptic Orthodox Church,HTS_TST,2023,51903,8956,10470,11460,13706,44592
Kenya,HHS/CDC,Kenya Conference of Catholic Bishops- ACTS,HTS_TST,2023,208013,21661,29336,40132,43402,134531
Kenya,DOD,Kisumu West,HTS_TST,2023,19025,6857,5663,6045,7481,26046
Kenya,HHS/CDC,LVCT Dhibiti,HTS_TST,2023,317082,50489,95105,105254,108940,359788
Kenya,HHS/CDC,LVCT PRISONS,HTS_TST,2023,58387,11899,12469,15258,19136,58762
Kenya,HHS/CDC,LVCT Vukisha 95,HTS_TST,2023,348245,77843,88245,103277,97457,366822
Kenya,USAID,Liverpool VCT Care & Treatment - (LVCT Health),HTS_TST,2023,295673,78132,90900,93771,104281,367084
Kenya,HHS/CDC,MIGORI COUNTY HEALTH MANAGEMENT TEAM,HTS_TST,2023,2770,1586,2669,3515,3400,11170
Kenya,HHS/CDC,Mkomani Clinic Society,HTS_TST,2023,39563,7748,9620,9471,13146,39985
Kenya,HHS/CDC,NGIMA for sure,HTS_TST,2023,8032,1792,2079,4765,3527,12163
Kenya,HHS/CDC,NYERI COUNTY DEPARTMENT OF HEALTH SERVICES,HTS_TST,2023,5421,1650,2625,2806,2505,9586
Kenya,DOD,South Rift Valley,HTS_TST,2023,246010,55404,60456,81454,89242,286556
Kenya,USAID,USAID AMPATH Uzima,HTS_TST,2023,290922,35243,45779,68159,95654,244835
Kenya,USAID,USAID Boresha Jamii,HTS_TST,2023,312080,,,,,0
Kenya,USAID,USAID Dumisha Afya,HTS_TST,2023,236357,30278,36615,58531,73501,198925
Kenya,USAID,USAID Fahari ya Jamii,HTS_TST,2023,329177,57336,68817,76854,78430,281437
Kenya,USAID,USAID IMARISHA JAMII Program,HTS_TST,2023,70999,16131,23542,24635,25609,89917
Kenya,USAID,USAID Jamii Tekelezi,HTS_TST,2023,138122,38615,43974,52110,55128,189827
Kenya,USAID,USAID Nuru Ya Mtoto,HTS_TST,2023,,53700,56218,81066,104221,295205
Kenya,USAID,USAID Tujenge Jamii Activity,HTS_TST,2023,253370,60852,55679,82130,88476,287137
Kenya,HHS/CDC,CHAP Stawisha,HTS_TST,2024,108791,20638,25744,27660,24750,98792
Kenya,HHS/CDC,CHS SHINDA TENA,HTS_TST,2024,175691,48610,56181,60231,41099,206121
Kenya,HHS/CDC,CIHEB CONNECT Nairobi,HTS_TST,2024,246878,93296,107601,83655,86915,371467
Kenya,HHS/CDC,CIHEB ENTRENCH,HTS_TST,2024,464268,120390,150663,146154,124630,541837
Kenya,HHS/CDC,CIHEB PACT Imara,HTS_TST,2024,223119,76549,88447,69253,79472,313721
Kenya,HHS/CDC,COUNTY GOVERNMENT OF HOMA BAY,HTS_TST,2024,35821,4529,5847,6135,4655,21166
Kenya,HHS/CDC,Coptic Orthodox Church,HTS_TST,2024,99539,25607,29018,28385,27691,110701
Kenya,HHS/CDC,Kenya Conference of Catholic Bishops- ACTS,HTS_TST,2024,201338,37289,68500,59719,47052,212560
Kenya,HHS/CDC,Kiambu County Endeleza Program,HTS_TST,2024,6184,5549,4415,3906,2734,16604
Kenya,HHS/CDC,Kisii CHMT,HTS_TST,2024,6237,2155,2086,1999,1920,8160
Kenya,DOD,Kisumu West,HTS_TST,2024,31150,7179,8564,9304,8078,33125
Kenya,HHS/CDC,LVCT Dhibiti,HTS_TST,2024,335582,103592,108787,85044,86704,384127
Kenya,HHS/CDC,LVCT PRISONS,HTS_TST,2024,93712,23408,28500,25071,28389,105368
Kenya,HHS/CDC,LVCT Vukisha 95,HTS_TST,2024,435731,103064,127193,107929,91200,429386
Kenya,USAID,Liverpool VCT Care & Treatment - (LVCT Health),HTS_TST,2024,343243,106289,116505,104950,103961,431705
Kenya,HHS/CDC,MIGORI COUNTY HEALTH MANAGEMENT TEAM,HTS_TST,2024,12294,8296,9493,8479,8515,34783
Kenya,HHS/CDC,Machakos County Twaweza Project,HTS_TST,2024,12207,2934,3292,2396,2978,11600
Kenya,HHS/CDC,Mkomani Clinic Society,HTS_TST,2024,62168,13637,17463,15663,16760,63523
Kenya,HHS/CDC,NGIMA for sure,HTS_TST,2024,92471,16748,18179,21302,17088,73317
Kenya,HHS/CDC,NYERI COUNTY DEPARTMENT OF HEALTH SERVICES,HTS_TST,2024,9932,4624,4681,4793,4825,18923
Kenya,HHS/CDC,SHINE- Sustainable HIV programming In Nairobi for Epidemic Control,HTS_TST,2024,6859,8051,12338,11520,12063,43972
Kenya,DOD,South Rift Valley,HTS_TST,2024,273666,100047,109209,97947,99953,407156
Kenya,HHS/CDC,Tujimudu,HTS_TST,2024,9978,3279,3955,3034,3063,13331
Kenya,HHS/CDC,Tujitegemee,HTS_TST,2024,5952,2967,2912,2629,2549,11057
Kenya,USAID,USAID AMPATH Uzima,HTS_TST,2024,293822,102844,111891,105795,111165,431695
Kenya,USAID,USAID Dumisha Afya,HTS_TST,2024,274384,78157,83795,66522,77923,306397
Kenya,USAID,USAID Fahari ya Jamii,HTS_TST,2024,323196,83209,99556,91755,102900,377420
Kenya,USAID,USAID IMARISHA JAMII Program,HTS_TST,2024,78975,30009,30085,28296,26221,114611
Kenya,USAID,USAID Jamii Tekelezi,HTS_TST,2024,162890,54676,60249,48927,47463,211315
Kenya,USAID,USAID Nuru Ya Mtoto,HTS_TST,2024,853461,101354,110073,110698,114717,436842
Kenya,USAID,USAID Tujenge Jamii Activity,HTS_TST,2024,441789,105501,117878,106618,116658,446655
Kenya,HHS/CDC,Uzinduzi,HTS_TST,2024,9066,4748,5362,5136,5293,20539
Kenya,HHS/CDC,Wezesha Afya,HTS_TST,2024,3124,2578,2717,2609,2882,10786
Kenya,HHS/CDC,CHAP Stawisha,HTS_TST,2025,147379,,,,21127,21127
Kenya,HHS/CDC,CHS SHINDA TENA,HTS_TST,2025,137011,,,,25633,25633
Kenya,HHS/CDC,CIHEB CONNECT Nairobi,HTS_TST,2025,284656,,,,107442,107442
Kenya,HHS/CDC,CIHEB ENTRENCH,HTS_TST,2025,330643,,,,79836,79836
Kenya,HHS/CDC,CIHEB PACT Imara,HTS_TST,2025,252693,,,,63974,63974
Kenya,HHS/CDC,COUNTY GOVERNMENT OF HOMA BAY,HTS_TST,2025,41809,,,,6312,6312
Kenya,HHS/CDC,Coptic Orthodox Church,HTS_TST,2025,209573,,,,22483,22483
Kenya,HHS/CDC,Kenya Conference of Catholic Bishops- ACTS,HTS_TST,2025,208791,,,,39484,39484
Kenya,HHS/CDC,Kiambu County Endeleza Program,HTS_TST,2025,13456,,,,2416,2416
Kenya,HHS/CDC,Kisii CHMT,HTS_TST,2025,7348,,,,2164,2164
Kenya,DOD,Kisumu West,HTS_TST,2025,25864,,,,6094,6094
Kenya,HHS/CDC,LVCT Dhibiti,HTS_TST,2025,358843,,,,70658,70658
Kenya,HHS/CDC,LVCT PRISONS,HTS_TST,2025,63186,,,,24119,24119
Kenya,HHS/CDC,LVCT Vukisha 95,HTS_TST,2025,412035,,,,68627,68627
Kenya,USAID,Liverpool VCT Care & Treatment - (LVCT Health),HTS_TST,2025,395162,,,,105551,105551
Kenya,HHS/CDC,MIGORI COUNTY HEALTH MANAGEMENT TEAM,HTS_TST,2025,23269,,,,7508,7508
Kenya,HHS/CDC,Machakos County Twaweza Project,HTS_TST,2025,11727,,,,2485,2485
Kenya,HHS/CDC,Mkomani Clinic Society,HTS_TST,2025,114721,,,,18639,18639
Kenya,HHS/CDC,NGIMA for sure,HTS_TST,2025,76159,,,,12806,12806
Kenya,HHS/CDC,NYERI COUNTY DEPARTMENT OF HEALTH SERVICES,HTS_TST,2025,14026,,,,6588,6588
Kenya,HHS/CDC,SHINE- Sustainable HIV programming In Nairobi for Epidemic Control,HTS_TST,2025,48520,,,,10151,10151
Kenya,DOD,South Rift Valley,HTS_TST,2025,286494,,,,94505,94505
Kenya,HHS/CDC,Tujimudu,HTS_TST,2025,10178,,,,2350,2350
Kenya,HHS/CDC,Tujitegemee,HTS_TST,2025,8612,,,,4753,4753
Kenya,USAID,USAID AMPATH Uzima,HTS_TST,2025,299040,,,,101119,101119
Kenya,USAID,USAID Dumisha Afya,HTS_TST,2025,263748,,,,79192,79192
Kenya,USAID,USAID Fahari ya Jamii,HTS_TST,2025,376500,,,,,0
Kenya,USAID,USAID IMARISHA JAMII Program,HTS_TST,2025,81224,,,,23533,23533
Kenya,USAID,USAID Jamii Tekelezi,HTS_TST,2025,192765,,,,52430,52430
Kenya,USAID,USAID Nuru Ya Mtoto,HTS_TST,2025,330311,,,,90491,90491
Kenya,USAID,USAID Tujenge Jamii Activity,HTS_TST,2025,313066,,,,119189,119189
Kenya,HHS/CDC,UzimaToGo,HTS_TST,2025,5930,,,,2262,2262
Kenya,HHS/CDC,Uzinduzi,HTS_TST,2025,16036,,,,5331,5331
Kenya,HHS/CDC,Wezesha Afya,HTS_TST,2025,6715,,,,4262,4262
Kenya,USAID,AMPATHplus,HTS_TST_POS,2020,16012,5451,6322,5317,6151,23241
Kenya,HHS/CDC,AMREF Nairobi Kitui,HTS_TST_POS,2020,1683,300,313,214,295,1122
Kenya,USAID,Afya Jijini,HTS_TST_POS,2020,9975,1417,1606,1289,1384,5696
Kenya,USAID,Afya Kamilisha,HTS_TST_POS,2020,8474,1388,1564,1150,1315,5417
Kenya,USAID,Afya Nyota ya Bonde,HTS_TST_POS,2020,12042,2036,2427,1780,1962,8205
Kenya,USAID,Afya Pwani,HTS_TST_POS,2020,10543,1956,2484,2173,1941,8554
Kenya,USAID,Afya Ziwani,HTS_TST_POS,2020,4265,902,1190,1024,1086,4202
Kenya,HHS/CDC,Bomu Hospital Affiliated Sites,HTS_TST_POS,2020,1875,378,466,442,499,1785
Kenya,HHS/CDC,CHAK CHAP Uzima,HTS_TST_POS,2020,4308,1191,1299,907,940,4337
Kenya,HHS/CDC,CHS Naishi,HTS_TST_POS,2020,6997,1976,2254,1597,1547,7374
Kenya,HHS/CDC,CHS Shinda,HTS_TST_POS,2020,5297,1811,1868,1528,1411,6618
Kenya,HHS/CDC,CHS Tegemeza Plus,HTS_TST_POS,2020,5360,897,800,592,607,2896
Kenya,HHS/CDC,Columbia STARS,HTS_TST_POS,2020,1256,186,233,75,139,633
Kenya,HHS/CDC,Coptic Hospitals,HTS_TST_POS,2020,2421,205,386,349,862,1802
Kenya,HHS/CDC,EGPAF Timiza,HTS_TST_POS,2020,7937,3043,3076,2318,1339,9776
Kenya,HHS/CDC,Faith-Based Sites in the Eastern Slums of Nairobi,HTS_TST_POS,2020,2496,927,828,619,540,2914
Kenya,HHS/CDC,HWWK Nairobi Eastern,HTS_TST_POS,2020,299,100,107,101,115,423
Kenya,USAID,Health Communication & Marketing (HCM),HTS_TST_POS,2020,2306,533,164,,,697
Kenya,HHS/CDC,IRDO Tuungane 3,HTS_TST_POS,2020,3664,432,727,667,820,2646
Kenya,USAID,Integrated Program for both HIV infected and affected children and their households,HTS_TST_POS,2020,181,35,21,18,21,95
Kenya,HHS/CDC,KCCB KARP,HTS_TST_POS,2020,4494,1465,1683,1157,1339,5644
Kenya,HHS/CDC,Kenya Prison Services,HTS_TST_POS,2020,1640,513,550,188,325,1576
Kenya,DOD,Kisumu West,HTS_TST_POS,2020,1194,273,289,228,244,1034
Kenya,HHS/CDC,LVCT Daraja,HTS_TST_POS,2020,1256,746,653,444,493,2336
Kenya,HHS/CDC,LVCT Steps,HTS_TST_POS,2020,1124,651,527,265,556,1999
Kenya,USAID,Linkages,HTS_TST_POS,2020,232,,,,,0
Kenya,USAID,Meeting Targets and Maintaining Epidemic Control (EpiC),HTS_TST_POS,2020,,225,139,137,134,635
Kenya,HHS/CDC,Ngima for Sure,HTS_TST_POS,2020,145,82,65,33,46,226
Kenya,DOD,South Rift Valley,HTS_TST_POS,2020,4657,1328,1592,1274,1471,5665
Kenya,HHS/CDC,UCSF Clinical Kisumu,HTS_TST_POS,2020,6133,997,1522,859,1545,4923
Kenya,HHS/CDC,UMB PACT Kamili,HTS_TST_POS,2020,5580,1126,1382,797,1023,4328
Kenya,HHS/CDC,UMB Timiza,HTS_TST_POS,2020,13393,2230,2625,1994,1996,8845
Kenya,HHS/CDC,UON COE Niche,HTS_TST_POS,2020,3312,289,256,191,315,1051
Kenya,HHS/CDC,UON CRISSP Plus,HTS_TST_POS,2020,4386,1382,1292,1042,1024,4740
Kenya,USAID,AMPATHplus,HTS_TST_POS,2021,27478,4802,5687,4572,3077,18138
Kenya,HHS/CDC,AMREF Nairobi Kitui,HTS_TST_POS,2021,1119,214,242,204,162,822
Kenya,USAID,Afya Jijini,HTS_TST_POS,2021,4503,2078,2467,,,4545
Kenya,USAID,Afya Nyota ya Bonde,HTS_TST_POS,2021,8568,1929,2641,,,4570
Kenya,USAID,Afya Pwani,HTS_TST_POS,2021,6717,1608,1738,1728,,5074
Kenya,USAID,Afya Ziwani,HTS_TST_POS,2021,1614,905,944,932,,2781
Kenya,HHS/CDC,Bomu Hospital Affiliated Sites,HTS_TST_POS,2021,2122,442,531,349,489,1811
Kenya,HHS/CDC,CHAK CHAP Uzima,HTS_TST_POS,2021,4436,1010,1243,1067,999,4319
Kenya,HHS/CDC,CHS Naishi,HTS_TST_POS,2021,8951,1391,1904,1478,1413,6186
Kenya,HHS/CDC,CHS Shinda,HTS_TST_POS,2021,8898,1799,2376,1650,1146,6971
Kenya,HHS/CDC,CHS Tegemeza Plus,HTS_TST_POS,2021,4801,694,800,623,606,2723
Kenya,HHS/CDC,Columbia STARS,HTS_TST_POS,2021,912,119,155,110,109,493
Kenya,HHS/CDC,Coptic Hospitals,HTS_TST_POS,2021,1040,746,326,186,167,1425
Kenya,HHS/CDC,EGPAF Timiza,HTS_TST_POS,2021,11185,2453,3273,2614,2165,10505
Kenya,HHS/CDC,Faith-Based Sites in the Eastern Slums of Nairobi,HTS_TST_POS,2021,1113,469,576,335,280,1660
Kenya,HHS/CDC,HWWK Nairobi Eastern,HTS_TST_POS,2021,670,81,131,103,86,401
Kenya,USAID,Health Communication & Marketing (HCM),HTS_TST_POS,2021,1252,,,,,0
Kenya,HHS/CDC,IRDO Tuungane 3,HTS_TST_POS,2021,2520,311,250,93,74,728
Kenya,USAID,Integrated Program for both HIV infected and affected children and their households,HTS_TST_POS,2021,138,24,20,13,13,70
Kenya,HHS/CDC,KCCB KARP,HTS_TST_POS,2021,4486,1203,1441,1096,1058,4798
Kenya,DOD,Kisumu West,HTS_TST_POS,2021,961,233,209,182,184,808
Kenya,HHS/CDC,LVCT Daraja,HTS_TST_POS,2021,970,308,330,312,212,1162
Kenya,HHS/CDC,LVCT PRISONS,HTS_TST_POS,2021,1425,248,348,299,511,1406
Kenya,HHS/CDC,LVCT Steps,HTS_TST_POS,2021,1137,320,441,335,216,1312
Kenya,USAID,Liverpool VCT Care & Treatment - (LVCT Health),HTS_TST_POS,2021,4441,,,,1737,1737
Kenya,HHS/CDC,Ngima for Sure,HTS_TST_POS,2021,115,50,62,40,26,178
Kenya,DOD,South Rift Valley,HTS_TST_POS,2021,12586,1161,1578,1188,1336,5263
Kenya,HHS/CDC,UCSF Clinical Kisumu,HTS_TST_POS,2021,5444,891,1284,1126,753,4054
Kenya,HHS/CDC,UMB PACT Kamili,HTS_TST_POS,2021,2926,806,1121,1015,841,3783
Kenya,HHS/CDC,UMB Timiza,HTS_TST_POS,2021,9637,1867,2278,2168,1713,8026
Kenya,HHS/CDC,UON COE Niche,HTS_TST_POS,2021,1342,351,405,305,231,1292
Kenya,HHS/CDC,UON CRISSP Plus,HTS_TST_POS,2021,5425,811,994,868,904,3577
Kenya,USAID,USAID Boresha Jamii,HTS_TST_POS,2021,5319,,,,1924,1924
Kenya,USAID,USAID Fahari ya Jamii,HTS_TST_POS,2021,4887,,,1582,1742,3324
Kenya,USAID,USAID IMARISHA JAMII Program,HTS_TST_POS,2021,3540,,,334,636,970
Kenya,USAID,USAID Jamii Tekelezi,HTS_TST_POS,2021,2676,,,679,992,1671
Kenya,USAID,USAID Tujenge Jamii Activity,HTS_TST_POS,2021,4556,,,1399,1704,3103
Kenya,HHS/CDC,Bomu Hospital Affiliated Sites,HTS_TST_POS,2022,1113,352,307,243,187,1089
Kenya,HHS/CDC,CHAK CHAP Uzima,HTS_TST_POS,2022,2659,842,888,777,604,3111
Kenya,HHS/CDC,CHS SHINDA TENA,HTS_TST_POS,2022,7342,1289,1398,432,536,3655
Kenya,HHS/CDC,CHS Tegemeza Plus,HTS_TST_POS,2022,2693,555,618,508,420,2101
Kenya,HHS/CDC,CIHEB CONNECT Nairobi,HTS_TST_POS,2022,5078,1470,1525,1385,1037,5417
Kenya,HHS/CDC,CIHEB ENTRENCH,HTS_TST_POS,2022,10098,1994,2322,1605,640,6561
Kenya,HHS/CDC,CIHEB PACT Imara,HTS_TST_POS,2022,6660,1342,1704,1138,745,4929
Kenya,HHS/CDC,COUNTY GOVERNMENT OF HOMA BAY,HTS_TST_POS,2022,123,37,33,34,32,136
Kenya,HHS/CDC,Coptic Hospitals,HTS_TST_POS,2022,752,170,178,186,260,794
Kenya,HHS/CDC,Faith-Based Sites in the Eastern Slums of Nairobi,HTS_TST_POS,2022,987,338,343,321,231,1233
Kenya,USAID,Integrated Program for both HIV infected and affected children and their households,HTS_TST_POS,2022,154,15,5,15,,35
Kenya,HHS/CDC,KCCB KARP,HTS_TST_POS,2022,4330,840,930,711,461,2942
Kenya,DOD,Kisumu West,HTS_TST_POS,2022,761,134,194,146,64,538
Kenya,HHS/CDC,LVCT PRISONS,HTS_TST_POS,2022,665,379,372,277,238,1266
Kenya,HHS/CDC,LVCT Vukisha 95,HTS_TST_POS,2022,9728,2835,2829,2320,633,8617
Kenya,USAID,Liverpool VCT Care & Treatment - (LVCT Health),HTS_TST_POS,2022,8507,1574,1557,1502,1582,6215
Kenya,HHS/CDC,MIGORI COUNTY HEALTH MANAGEMENT TEAM,HTS_TST_POS,2022,71,26,27,44,13,110
Kenya,HHS/CDC,NGIMA for sure,HTS_TST_POS,2022,391,87,73,31,36,227
Kenya,HHS/CDC,NYERI COUNTY DEPARTMENT OF HEALTH SERVICES,HTS_TST_POS,2022,102,25,22,18,6,71
Kenya,DOD,South Rift Valley,HTS_TST_POS,2022,4012,1108,1439,1138,1021,4706
Kenya,HHS/CDC,UON CRISSP Plus,HTS_TST_POS,2022,4051,923,1109,768,710,3510
Kenya,USAID,USAID AMPATH Uzima,HTS_TST_POS,2022,8196,1205,1826,1712,1132,5875
Kenya,USAID,USAID Boresha Jamii,HTS_TST_POS,2022,10244,1993,2088,1744,946,6771
Kenya,USAID,USAID Dumisha Afya,HTS_TST_POS,2022,4493,875,1135,1001,760,3771
Kenya,USAID,USAID Fahari ya Jamii,HTS_TST_POS,2022,6668,1583,1693,1422,1318,6016
Kenya,USAID,USAID IMARISHA JAMII Program,HTS_TST_POS,2022,2181,282,349,400,272,1303
Kenya,USAID,USAID Jamii Tekelezi,HTS_TST_POS,2022,3628,874,1032,923,739,3568
Kenya,USAID,USAID Tujenge Jamii Activity,HTS_TST_POS,2022,4331,1325,1632,1195,890,5042
Kenya,HHS/CDC,CHAP Stawisha,HTS_TST_POS,2023,733,214,279,259,215,967
Kenya,HHS/CDC,CHS SHINDA TENA,HTS_TST_POS,2023,5367,698,646,1026,752,3122
Kenya,HHS/CDC,CIHEB CONNECT Nairobi,HTS_TST_POS,2023,5636,1242,1427,1474,1325,5468
Kenya,HHS/CDC,CIHEB ENTRENCH,HTS_TST_POS,2023,8768,1445,1697,1970,1458,6570
Kenya,HHS/CDC,CIHEB PACT Imara,HTS_TST_POS,2023,4955,1128,1298,1242,1124,4792
Kenya,HHS/CDC,COUNTY GOVERNMENT OF HOMA BAY,HTS_TST_POS,2023,171,76,80,64,41,261
Kenya,HHS/CDC,Coptic Orthodox Church,HTS_TST_POS,2023,1380,365,398,413,356,1532
Kenya,HHS/CDC,Kenya Conference of Catholic Bishops- ACTS,HTS_TST_POS,2023,5946,1151,1254,1301,1118,4824
Kenya,DOD,Kisumu West,HTS_TST_POS,2023,534,155,136,124,133,548
Kenya,HHS/CDC,LVCT Dhibiti,HTS_TST_POS,2023,6013,1060,1484,1394,1263,5201
Kenya,HHS/CDC,LVCT PRISONS,HTS_TST_POS,2023,1318,277,323,348,374,1322
Kenya,HHS/CDC,LVCT Vukisha 95,HTS_TST_POS,2023,10232,2872,3023,2706,1703,10304
Kenya,USAID,Liverpool VCT Care & Treatment - (LVCT Health),HTS_TST_POS,2023,6154,1570,1634,1642,1512,6358
Kenya,HHS/CDC,MIGORI COUNTY HEALTH MANAGEMENT TEAM,HTS_TST_POS,2023,70,29,39,39,29,136
Kenya,HHS/CDC,Mkomani Clinic Society,HTS_TST_POS,2023,758,160,171,150,113,594
Kenya,HHS/CDC,NGIMA for sure,HTS_TST_POS,2023,439,72,98,166,105,441
Kenya,HHS/CDC,NYERI COUNTY DEPARTMENT OF HEALTH SERVICES,HTS_TST_POS,2023,82,25,34,34,27,120
Kenya,DOD,South Rift Valley,HTS_TST_POS,2023,4275,1172,1466,1582,1413,5633
Kenya,USAID,USAID AMPATH Uzima,HTS_TST_POS,2023,5714,1025,1258,1576,1520,5379
Kenya,USAID,USAID Boresha Jamii,HTS_TST_POS,2023,6593,,,,,0
Kenya,USAID,USAID Dumisha Afya,HTS_TST_POS,2023,4638,893,1154,1351,1219,4617
Kenya,USAID,USAID Fahari ya Jamii,HTS_TST_POS,2023,6402,1406,1660,1643,1614,6323
Kenya,USAID,USAID IMARISHA JAMII Program,HTS_TST_POS,2023,1311,264,317,360,245,1186
Kenya,USAID,USAID Jamii Tekelezi,HTS_TST_POS,2023,2630,731,940,875,763,3309
Kenya,USAID,USAID Nuru Ya Mtoto,HTS_TST_POS,2023,,1602,1627,1846,1755,6830
Kenya,USAID,USAID Tujenge Jamii Activity,HTS_TST_POS,2023,5163,1216,1250,1302,1189,4957
Kenya,HHS/CDC,CHAP Stawisha,HTS_TST_POS,2024,1138,440,513,526,369,1848
Kenya,HHS/CDC,CHS SHINDA TENA,HTS_TST_POS,2024,3160,591,742,670,469,2472
Kenya,HHS/CDC,CIHEB CONNECT Nairobi,HTS_TST_POS,2024,3662,1029,1269,894,964,4156
Kenya,HHS/CDC,CIHEB ENTRENCH,HTS_TST_POS,2024,7616,1468,1784,1651,1199,6102
Kenya,HHS/CDC,CIHEB PACT Imara,HTS_TST_POS,2024,2799,927,1118,834,836,3715
Kenya,HHS/CDC,COUNTY GOVERNMENT OF HOMA BAY,HTS_TST_POS,2024,648,127,165,112,75,479
Kenya,HHS/CDC,Coptic Orthodox Church,HTS_TST_POS,2024,1342,603,623,590,444,2260
Kenya,HHS/CDC,Kenya Conference of Catholic Bishops- ACTS,HTS_TST_POS,2024,3290,701,865,765,683,3014
Kenya,HHS/CDC,Kiambu County Endeleza Program,HTS_TST_POS,2024,62,33,37,40,32,142
Kenya,HHS/CDC,Kisii CHMT,HTS_TST_POS,2024,73,23,28,16,16,83
Kenya,DOD,Kisumu West,HTS_TST_POS,2024,483,105,121,136,134,496
Kenya,HHS/CDC,LVCT Dhibiti,HTS_TST_POS,2024,3671,1056,1088,846,869,3859
Kenya,HHS/CDC,LVCT PRISONS,HTS_TST_POS,2024,1145,374,451,358,424,1607
Kenya,HHS/CDC,LVCT Vukisha 95,HTS_TST_POS,2024,7186,2438,2517,2048,1001,8004
Kenya,USAID,Liverpool VCT Care & Treatment - (LVCT Health),HTS_TST_POS,2024,4218,1382,1519,1169,1297,5367
Kenya,HHS/CDC,MIGORI COUNTY HEALTH MANAGEMENT TEAM,HTS_TST_POS,2024,176,87,71,68,59,285
Kenya,HHS/CDC,Machakos County Twaweza Project,HTS_TST_POS,2024,173,47,45,37,48,177
Kenya,HHS/CDC,Mkomani Clinic Society,HTS_TST_POS,2024,762,195,230,242,195,862
Kenya,HHS/CDC,NGIMA for sure,HTS_TST_POS,2024,1622,360,390,335,254,1339
Kenya,HHS/CDC,NYERI COUNTY DEPARTMENT OF HEALTH SERVICES,HTS_TST_POS,2024,122,35,41,41,28,145
Kenya,HHS/CDC,SHINE- Sustainable HIV programming In Nairobi for Epidemic Control,HTS_TST_POS,2024,98,105,140,100,111,456
Kenya,DOD,South Rift Valley,HTS_TST_POS,2024,2507,1293,1436,1292,1298,5319
Kenya,HHS/CDC,Tujimudu,HTS_TST_POS,2024,114,42,44,28,36,150
Kenya,HHS/CDC,Tujitegemee,HTS_TST_POS,2024,64,33,38,27,21,119
Kenya,USAID,USAID AMPATH Uzima,HTS_TST_POS,2024,2795,1303,1378,1166,1245,5092
Kenya,USAID,USAID Dumisha Afya,HTS_TST_POS,2024,2960,1094,1253,916,1040,4303
Kenya,USAID,USAID Fahari ya Jamii,HTS_TST_POS,2024,4392,1441,1801,1411,1537,6190
Kenya,USAID,USAID IMARISHA JAMII Program,HTS_TST_POS,2024,640,243,238,274,223,978
Kenya,USAID,USAID Jamii Tekelezi,HTS_TST_POS,2024,1682,741,802,607,547,2697
Kenya,USAID,USAID Nuru Ya Mtoto,HTS_TST_POS,2024,4558,1463,1664,1463,1355,5945
Kenya,USAID,USAID Tujenge Jamii Activity,HTS_TST_POS,2024,2912,1105,1172,1064,1011,4352
Kenya,HHS/CDC,Uzinduzi,HTS_TST_POS,2024,130,52,43,53,51,199
Kenya,HHS/CDC,Wezesha Afya,HTS_TST_POS,2024,35,22,31,22,25,100
Kenya,HHS/CDC,CHAP Stawisha,HTS_TST_POS,2025,1705,,,,382,382
Kenya,HHS/CDC,CHS SHINDA TENA,HTS_TST_POS,2025,2549,,,,372,372
Kenya,HHS/CDC,CIHEB CONNECT Nairobi,HTS_TST_POS,2025,2471,,,,1668,1668
Kenya,HHS/CDC,CIHEB ENTRENCH,HTS_TST_POS,2025,5629,,,,899,899
Kenya,HHS/CDC,CIHEB PACT Imara,HTS_TST_POS,2025,2570,,,,756,756
Kenya,HHS/CDC,COUNTY GOVERNMENT OF HOMA BAY,HTS_TST_POS,2025,593,,,,139,139
Kenya,HHS/CDC,Coptic Orthodox Church,HTS_TST_POS,2025,2341,,,,539,539
Kenya,HHS/CDC,Kenya Conference of Catholic Bishops- ACTS,HTS_TST_POS,2025,3737,,,,615,615
Kenya,HHS/CDC,Kiambu County Endeleza Program,HTS_TST_POS,2025,61,,,,33,33
Kenya,HHS/CDC,Kisii CHMT,HTS_TST_POS,2025,79,,,,21,21
Kenya,DOD,Kisumu West,HTS_TST_POS,2025,515,,,,108,108
Kenya,HHS/CDC,LVCT Dhibiti,HTS_TST_POS,2025,2723,,,,862,862
Kenya,HHS/CDC,LVCT PRISONS,HTS_TST_POS,2025,542,,,,351,351
Kenya,HHS/CDC,LVCT Vukisha 95,HTS_TST_POS,2025,5905,,,,863,863
Kenya,USAID,Liverpool VCT Care & Treatment - (LVCT Health),HTS_TST_POS,2025,2939,,,,1190,1190
Kenya,HHS/CDC,MIGORI COUNTY HEALTH MANAGEMENT TEAM,HTS_TST_POS,2025,354,,,,82,82
Kenya,HHS/CDC,Machakos County Twaweza Project,HTS_TST_POS,2025,89,,,,41,41
Kenya,HHS/CDC,Mkomani Clinic Society,HTS_TST_POS,2025,1360,,,,193,193
Kenya,HHS/CDC,NGIMA for sure,HTS_TST_POS,2025,1420,,,,194,194
Kenya,HHS/CDC,NYERI COUNTY DEPARTMENT OF HEALTH SERVICES,HTS_TST_POS,2025,152,,,,62,62
Kenya,HHS/CDC,SHINE- Sustainable HIV programming In Nairobi for Epidemic Control,HTS_TST_POS,2025,304,,,,102,102
Kenya,DOD,South Rift Valley,HTS_TST_POS,2025,2311,,,,1134,1134
Kenya,HHS/CDC,Tujimudu,HTS_TST_POS,2025,102,,,,25,25
Kenya,HHS/CDC,Tujitegemee,HTS_TST_POS,2025,68,,,,38,38
Kenya,USAID,USAID AMPATH Uzima,HTS_TST_POS,2025,2615,,,,921,921
Kenya,USAID,USAID Dumisha Afya,HTS_TST_POS,2025,2499,,,,965,965
Kenya,USAID,USAID Fahari ya Jamii,HTS_TST_POS,2025,2982,,,,,0
Kenya,USAID,USAID IMARISHA JAMII Program,HTS_TST_POS,2025,536,,,,174,174
Kenya,USAID,USAID Jamii Tekelezi,HTS_TST_POS,2025,1485,,,,632,632
Kenya,USAID,USAID Nuru Ya Mtoto,HTS_TST_POS,2025,3986,,,,1301,1301
Kenya,USAID,USAID Tujenge Jamii Activity,HTS_TST_POS,2025,2510,,,,1303,1303
Kenya,HHS/CDC,UzimaToGo,HTS_TST_POS,2025,123,,,,25,25
Kenya,HHS/CDC,Uzinduzi,HTS_TST_POS,2025,169,,,,50,50
Kenya,HHS/CDC,Wezesha Afya,HTS_TST_POS,2025,45,,,,17,17
Kenya,USAID,AMPATHplus,TB_ART,2020,2640,586,692,581,619,2478
Kenya,HHS/CDC,AMREF Nairobi Kitui,TB_ART,2020,147,17,25,18,32,92
Kenya,USAID,Afya Jijini,TB_ART,2020,1798,257,281,276,261,1075
Kenya,USAID,Afya Kamilisha,TB_ART,2020,810,183,267,202,202,854
Kenya,USAID,Afya Nyota ya Bonde,TB_ART,2020,1305,197,273,212,254,936
Kenya,USAID,Afya Pwani,TB_ART,2020,1191,199,263,170,259,891
Kenya,USAID,Afya Ziwani,TB_ART,2020,375,92,86,72,91,341
Kenya,HHS/CDC,Bomu Hospital Affiliated Sites,TB_ART,2020,136,81,109,83,75,348
Kenya,HHS/CDC,CHAK CHAP Uzima,TB_ART,2020,871,241,278,188,192,899
Kenya,HHS/CDC,CHS Naishi,TB_ART,2020,1123,262,297,264,233,1056
Kenya,HHS/CDC,CHS Shinda,TB_ART,2020,871,237,258,219,273,987
Kenya,HHS/CDC,CHS Tegemeza Plus,TB_ART,2020,482,102,127,83,102,414
Kenya,HHS/CDC,Columbia STARS,TB_ART,2020,152,33,39,25,24,121
Kenya,HHS/CDC,Coptic Hospitals,TB_ART,2020,48,15,26,19,9,69
Kenya,HHS/CDC,EGPAF Timiza,TB_ART,2020,1018,209,175,205,194,783
Kenya,HHS/CDC,Faith-Based Sites in the Eastern Slums of Nairobi,TB_ART,2020,422,123,119,81,90,413
Kenya,HHS/CDC,HWWK Nairobi Eastern,TB_ART,2020,,1,1,,2,4
Kenya,USAID,Health Communication & Marketing (HCM),TB_ART,2020,107,53,9,,,62
Kenya,HHS/CDC,IRDO Tuungane 3,TB_ART,2020,,,,,1,1
Kenya,USAID,Integrated Program for both HIV infected and affected children and their households,TB_ART,2020,16,10,10,7,5,32
Kenya,HHS/CDC,KCCB KARP,TB_ART,2020,747,243,298,237,321,1099
Kenya,HHS/CDC,Kenya Prison Services,TB_ART,2020,240,44,30,29,22,125
Kenya,DOD,Kisumu West,TB_ART,2020,89,20,18,15,12,65
Kenya,HHS/CDC,LVCT Daraja,TB_ART,2020,40,3,1,6,4,14
Kenya,HHS/CDC,LVCT Steps,TB_ART,2020,,20,10,7,9,46
Kenya,HHS/CDC,Ngima for Sure,TB_ART,2020,16,5,14,8,18,45
Kenya,DOD,South Rift Valley,TB_ART,2020,878,230,290,232,277,1029
Kenya,HHS/CDC,UCSF Clinical Kisumu,TB_ART,2020,314,59,85,53,53,250
Kenya,HHS/CDC,UMB PACT Kamili,TB_ART,2020,677,99,107,73,81,360
Kenya,HHS/CDC,UMB Timiza,TB_ART,2020,1121,179,224,192,211,806
Kenya,HHS/CDC,UON COE Niche,TB_ART,2020,300,84,84,51,66,285
Kenya,HHS/CDC,UON CRISSP Plus,TB_ART,2020,1068,172,211,167,126,676
Kenya,USAID,AMPATHplus,TB_ART,2021,2928,482,650,518,325,1975
Kenya,HHS/CDC,AMREF Nairobi Kitui,TB_ART,2021,61,21,28,25,14,88
Kenya,USAID,Afya Jijini,TB_ART,2021,760,382,398,,,780
Kenya,USAID,Afya Nyota ya Bonde,TB_ART,2021,929,232,274,,,506
Kenya,USAID,Afya Pwani,TB_ART,2021,744,183,142,189,,514
Kenya,USAID,Afya Ziwani,TB_ART,2021,247,55,90,66,,211
Kenya,HHS/CDC,Bomu Hospital Affiliated Sites,TB_ART,2021,109,86,98,88,72,344
Kenya,HHS/CDC,CHAK CHAP Uzima,TB_ART,2021,747,195,241,170,189,795
Kenya,HHS/CDC,CHS Naishi,TB_ART,2021,939,183,255,213,206,857
Kenya,HHS/CDC,CHS Shinda,TB_ART,2021,411,266,452,304,243,1265
Kenya,HHS/CDC,CHS Tegemeza Plus,TB_ART,2021,951,122,113,94,108,437
Kenya,HHS/CDC,Columbia STARS,TB_ART,2021,86,22,18,19,32,91
Kenya,HHS/CDC,Coptic Hospitals,TB_ART,2021,23,11,18,16,21,66
Kenya,HHS/CDC,EGPAF Timiza,TB_ART,2021,516,184,236,226,191,837
Kenya,HHS/CDC,Faith-Based Sites in the Eastern Slums of Nairobi,TB_ART,2021,177,81,109,87,76,353
Kenya,HHS/CDC,HWWK Nairobi Eastern,TB_ART,2021,,3,4,5,2,14
Kenya,USAID,Health Communication & Marketing (HCM),TB_ART,2021,51,,,,,0
Kenya,HHS/CDC,IRDO Tuungane 3,TB_ART,2021,,3,,1,,4
Kenya,USAID,Integrated Program for both HIV infected and affected children and their households,TB_ART,2021,2,7,11,11,10,39
Kenya,HHS/CDC,KCCB KARP,TB_ART,2021,428,235,335,211,211,992
Kenya,DOD,Kisumu West,TB_ART,2021,43,20,21,16,13,70
Kenya,HHS/CDC,LVCT Daraja,TB_ART,2021,13,3,6,,1,10
Kenya,HHS/CDC,LVCT PRISONS,TB_ART,2021,425,13,22,29,31,95
Kenya,HHS/CDC,LVCT Steps,TB_ART,2021,,7,13,5,7,32
Kenya,USAID,Liverpool VCT Care & Treatment - (LVCT Health),TB_ART,2021,484,,,,163,163
Kenya,HHS/CDC,Ngima for Sure,TB_ART,2021,3,11,12,11,6,40
Kenya,DOD,South Rift Valley,TB_ART,2021,1635,251,315,326,296,1188
Kenya,HHS/CDC,UCSF Clinical Kisumu,TB_ART,2021,202,66,67,80,55,268
Kenya,HHS/CDC,UMB PACT Kamili,TB_ART,2021,282,95,98,111,91,395
Kenya,HHS/CDC,UMB Timiza,TB_ART,2021,747,159,233,205,177,774
Kenya,HHS/CDC,UON COE Niche,TB_ART,2021,123,63,107,92,56,318
Kenya,HHS/CDC,UON CRISSP Plus,TB_ART,2021,1090,142,124,119,155,540
Kenya,USAID,USAID Boresha Jamii,TB_ART,2021,597,,,,208,208
Kenya,USAID,USAID Fahari ya Jamii,TB_ART,2021,581,,,283,268,551
Kenya,USAID,USAID IMARISHA JAMII Program,TB_ART,2021,471,,,99,126,225
Kenya,USAID,USAID Jamii Tekelezi,TB_ART,2021,536,,,165,241,406
Kenya,USAID,USAID Tujenge Jamii Activity,TB_ART,2021,521,,,208,225,433
Kenya,HHS/CDC,Bomu Hospital Affiliated Sites,TB_ART,2022,133,,,,369,369
Kenya,HHS/CDC,CHAK CHAP Uzima,TB_ART,2022,501,,,,845,845
Kenya,HHS/CDC,CHS SHINDA TENA,TB_ART,2022,1064,,,,1158,1158
Kenya,HHS/CDC,CHS Tegemeza Plus,TB_ART,2022,493,,,,435,435
Kenya,HHS/CDC,CIHEB CONNECT Nairobi,TB_ART,2022,768,,,,797,797
Kenya,HHS/CDC,CIHEB ENTRENCH,TB_ART,2022,1039,,,,901,901
Kenya,HHS/CDC,CIHEB PACT Imara,TB_ART,2022,852,,,,995,995
Kenya,HHS/CDC,COUNTY GOVERNMENT OF HOMA BAY,TB_ART,2022,13,,,,6,6
Kenya,HHS/CDC,Coptic Hospitals,TB_ART,2022,28,,,,85,85
Kenya,HHS/CDC,Faith-Based Sites in the Eastern Slums of Nairobi,TB_ART,2022,272,,,,448,448
Kenya,USAID,Integrated Program for both HIV infected and affected children and their households,TB_ART,2022,11,,,,,0
Kenya,HHS/CDC,KCCB KARP,TB_ART,2022,451,,,,824,824
Kenya,DOD,Kisumu West,TB_ART,2022,50,,,,62,62
Kenya,HHS/CDC,LVCT PRISONS,TB_ART,2022,368,,,,187,187
Kenya,HHS/CDC,LVCT Vukisha 95,TB_ART,2022,1367,,,,1240,1240
Kenya,USAID,Liverpool VCT Care & Treatment - (LVCT Health),TB_ART,2022,1106,,,,777,777
Kenya,HHS/CDC,MIGORI COUNTY HEALTH MANAGEMENT TEAM,TB_ART,2022,7,,,,1,1
Kenya,HHS/CDC,NGIMA for sure,TB_ART,2022,12,,,,73,73
Kenya,HHS/CDC,NYERI COUNTY DEPARTMENT OF HEALTH SERVICES,TB_ART,2022,23,,,,15,15
Kenya,DOD,South Rift Valley,TB_ART,2022,1027,,,,1144,1144
Kenya,HHS/CDC,UON CRISSP Plus,TB_ART,2022,838,,,,472,472
Kenya,USAID,USAID AMPATH Uzima,TB_ART,2022,967,,,,830,830
Kenya,USAID,USAID Boresha Jamii,TB_ART,2022,1064,,,,907,907
Kenya,USAID,USAID Dumisha Afya,TB_ART,2022,486,,,,554,554
Kenya,USAID,USAID Fahari ya Jamii,TB_ART,2022,1427,,,,1424,1424
Kenya,USAID,USAID IMARISHA JAMII Program,TB_ART,2022,384,,,,84,84
Kenya,USAID,USAID Jamii Tekelezi,TB_ART,2022,798,,,,863,863
Kenya,USAID,USAID Tujenge Jamii Activity,TB_ART,2022,737,,,,933,933
Kenya,HHS/CDC,CHAP Stawisha,TB_ART,2023,130,,,,318,318
Kenya,HHS/CDC,CHS SHINDA TENA,TB_ART,2023,932,,,,1390,1390
Kenya,HHS/CDC,CIHEB CONNECT Nairobi,TB_ART,2023,743,,,,1019,1019
Kenya,HHS/CDC,CIHEB ENTRENCH,TB_ART,2023,940,,,,1485,1485
Kenya,HHS/CDC,CIHEB PACT Imara,TB_ART,2023,904,,,,1449,1449
Kenya,HHS/CDC,COUNTY GOVERNMENT OF HOMA BAY,TB_ART,2023,12,,,,62,62
Kenya,HHS/CDC,Coptic Orthodox Church,TB_ART,2023,148,,,,275,275
Kenya,HHS/CDC,Kenya Conference of Catholic Bishops- ACTS,TB_ART,2023,938,,,,1924,1924
Kenya,DOD,Kisumu West,TB_ART,2023,49,,,,71,71
Kenya,HHS/CDC,LVCT Dhibiti,TB_ART,2023,1486,,,,1569,1569
Kenya,HHS/CDC,LVCT PRISONS,TB_ART,2023,429,,,,225,225
Kenya,HHS/CDC,LVCT Vukisha 95,TB_ART,2023,1250,,,,1771,1771
Kenya,USAID,Liverpool VCT Care & Treatment - (LVCT Health),TB_ART,2023,1147,,,,1192,1192
Kenya,HHS/CDC,MIGORI COUNTY HEALTH MANAGEMENT TEAM,TB_ART,2023,7,,,,8,8
Kenya,HHS/CDC,Mkomani Clinic Society,TB_ART,2023,133,,,,340,340
Kenya,HHS/CDC,NGIMA for sure,TB_ART,2023,12,,,,259,259
Kenya,HHS/CDC,NYERI COUNTY DEPARTMENT OF HEALTH SERVICES,TB_ART,2023,31,,,,33,33
Kenya,DOD,South Rift Valley,TB_ART,2023,1456,,,,1430,1430
Kenya,USAID,USAID AMPATH Uzima,TB_ART,2023,1098,,,,1102,1102
Kenya,USAID,USAID Boresha Jamii,TB_ART,2023,1253,,,,,0
Kenya,USAID,USAID Dumisha Afya,TB_ART,2023,552,,,,807,807
Kenya,USAID,USAID Fahari ya Jamii,TB_ART,2023,1517,,,,1883,1883
Kenya,USAID,USAID IMARISHA JAMII Program,TB_ART,2023,584,,,,119,119
Kenya,USAID,USAID Jamii Tekelezi,TB_ART,2023,1038,,,,928,928
Kenya,USAID,USAID Nuru Ya Mtoto,TB_ART,2023,,,,,1487,1487
Kenya,USAID,USAID Tujenge Jamii Activity,TB_ART,2023,936,,,,1164,1164
Kenya,HHS/CDC,CHAP Stawisha,TB_ART,2024,507,,,,668,668
Kenya,HHS/CDC,CHS SHINDA TENA,TB_ART,2024,1296,,,,833,833
Kenya,HHS/CDC,CIHEB CONNECT Nairobi,TB_ART,2024,937,,,,833,833
Kenya,HHS/CDC,CIHEB ENTRENCH,TB_ART,2024,1177,,,,1391,1391
Kenya,HHS/CDC,CIHEB PACT Imara,TB_ART,2024,1016,,,,1135,1135
Kenya,HHS/CDC,COUNTY GOVERNMENT OF HOMA BAY,TB_ART,2024,55,,,,94,94
Kenya,HHS/CDC,Coptic Orthodox Church,TB_ART,2024,512,,,,687,687
Kenya,HHS/CDC,Kenya Conference of Catholic Bishops- ACTS,TB_ART,2024,626,,,,1127,1127
Kenya,HHS/CDC,Kiambu County Endeleza Program,TB_ART,2024,26,,,,21,21
Kenya,HHS/CDC,Kisii CHMT,TB_ART,2024,22,,,,,0
Kenya,DOD,Kisumu West,TB_ART,2024,95,,,,115,115
Kenya,HHS/CDC,LVCT Dhibiti,TB_ART,2024,1627,,,,1185,1185
Kenya,HHS/CDC,LVCT PRISONS,TB_ART,2024,158,,,,276,276
Kenya,HHS/CDC,LVCT Vukisha 95,TB_ART,2024,1727,,,,1978,1978
Kenya,USAID,Liverpool VCT Care & Treatment - (LVCT Health),TB_ART,2024,1293,,,,1130,1130
Kenya,HHS/CDC,MIGORI COUNTY HEALTH MANAGEMENT TEAM,TB_ART,2024,10,,,,16,16
Kenya,HHS/CDC,Machakos County Twaweza Project,TB_ART,2024,75,,,,32,32
Kenya,HHS/CDC,Mkomani Clinic Society,TB_ART,2024,260,,,,472,472
Kenya,HHS/CDC,NGIMA for sure,TB_ART,2024,33,,,,394,394
Kenya,HHS/CDC,NYERI COUNTY DEPARTMENT OF HEALTH SERVICES,TB_ART,2024,17,,,,25,25
Kenya,HHS/CDC,SHINE- Sustainable HIV programming In Nairobi for Epidemic Control,TB_ART,2024,29,,,,85,85
Kenya,DOD,South Rift Valley,TB_ART,2024,1235,,,,1350,1350
Kenya,HHS/CDC,Tujimudu,TB_ART,2024,50,,,,35,35
Kenya,HHS/CDC,Tujitegemee,TB_ART,2024,32,,,,39,39
Kenya,USAID,USAID AMPATH Uzima,TB_ART,2024,977,,,,919,919
Kenya,USAID,USAID Dumisha Afya,TB_ART,2024,671,,,,973,973
Kenya,USAID,USAID Fahari ya Jamii,TB_ART,2024,1899,,,,1877,1877
Kenya,USAID,USAID IMARISHA JAMII Program,TB_ART,2024,407,,,,108,108
Kenya,USAID,USAID Jamii Tekelezi,TB_ART,2024,929,,,,750,750
Kenya,USAID,USAID Nuru Ya Mtoto,TB_ART,2024,1116,,,,1627,1627
Kenya,USAID,USAID Tujenge Jamii Activity,TB_ART,2024,1189,,,,1104,1104
Kenya,HHS/CDC,Uzinduzi,TB_ART,2024,75,,,,52,52
Kenya,HHS/CDC,Wezesha Afya,TB_ART,2024,14,,,,11,11
Kenya,HHS/CDC,CHAP Stawisha,TB_ART,2025,596,,,,507,507
Kenya,HHS/CDC,CHS SHINDA TENA,TB_ART,2025,1808,,,,821,821
Kenya,HHS/CDC,CIHEB CONNECT Nairobi,TB_ART,2025,1097,,,,1130,1130
Kenya,HHS/CDC,CIHEB ENTRENCH,TB_ART,2025,1622,,,,1176,1176
Kenya,HHS/CDC,CIHEB PACT Imara,TB_ART,2025,1293,,,,1047,1047
Kenya,HHS/CDC,COUNTY GOVERNMENT OF HOMA BAY,TB_ART,2025,297,,,,211,211
Kenya,HHS/CDC,Coptic Orthodox Church,TB_ART,2025,608,,,,663,663
Kenya,HHS/CDC,Kenya Conference of Catholic Bishops- ACTS,TB_ART,2025,951,,,,785,785
Kenya,HHS/CDC,Kiambu County Endeleza Program,TB_ART,2025,33,,,,33,33
Kenya,HHS/CDC,Kisii CHMT,TB_ART,2025,28,,,,,0
Kenya,DOD,Kisumu West,TB_ART,2025,153,,,,98,98
Kenya,HHS/CDC,LVCT Dhibiti,TB_ART,2025,1802,,,,1392,1392
Kenya,HHS/CDC,LVCT PRISONS,TB_ART,2025,194,,,,125,125
Kenya,HHS/CDC,LVCT Vukisha 95,TB_ART,2025,1784,,,,2137,2137
Kenya,USAID,Liverpool VCT Care & Treatment - (LVCT Health),TB_ART,2025,1415,,,,980,980
Kenya,HHS/CDC,MIGORI COUNTY HEALTH MANAGEMENT TEAM,TB_ART,2025,27,,,,31,31
Kenya,HHS/CDC,Machakos County Twaweza Project,TB_ART,2025,126,,,,31,31
Kenya,HHS/CDC,Mkomani Clinic Society,TB_ART,2025,283,,,,459,459
Kenya,HHS/CDC,NGIMA for sure,TB_ART,2025,46,,,,201,201
Kenya,HHS/CDC,NYERI COUNTY DEPARTMENT OF HEALTH SERVICES,TB_ART,2025,69,,,,57,57
Kenya,HHS/CDC,SHINE- Sustainable HIV programming In Nairobi for Epidemic Control,TB_ART,2025,42,,,,69,69
Kenya,DOD,South Rift Valley,TB_ART,2025,1492,,,,1149,1149
Kenya,HHS/CDC,Tujimudu,TB_ART,2025,59,,,,27,27
Kenya,HHS/CDC,Tujitegemee,TB_ART,2025,68,,,,87,87
Kenya,USAID,USAID AMPATH Uzima,TB_ART,2025,1198,,,,952,952
Kenya,USAID,USAID Dumisha Afya,TB_ART,2025,915,,,,1147,1147
Kenya,USAID,USAID Fahari ya Jamii,TB_ART,2025,2252,,,,,0
Kenya,USAID,USAID IMARISHA JAMII Program,TB_ART,2025,506,,,,298,298
Kenya,USAID,USAID Jamii Tekelezi,TB_ART,2025,980,,,,745,745
Kenya,USAID,USAID Nuru Ya Mtoto,TB_ART,2025,1604,,,,1110,1110
Kenya,USAID,USAID Tujenge Jamii Activity,TB_ART,2025,1279,,,,1162,1162
Kenya,HHS/CDC,UzimaToGo,TB_ART,2025,37,,,,10,10
Kenya,HHS/CDC,Uzinduzi,TB_ART,2025,83,,,,59,59
Kenya,HHS/CDC,Wezesha Afya,TB_ART,2025,19,,,,8,8
Kenya,USAID,AMPATHplus,TB_STAT,2020,11801,2325,2726,2210,2357,9618
Kenya,HHS/CDC,AMREF Nairobi Kitui,TB_STAT,2020,488,79,87,53,95,314
Kenya,USAID,Afya Jijini,TB_STAT,2020,5944,1216,1502,1041,1103,4862
Kenya,USAID,Afya Kamilisha,TB_STAT,2020,5164,1278,1697,1241,1249,5465
Kenya,USAID,Afya Nyota ya Bonde,TB_STAT,2020,5163,964,1259,958,1123,4304
Kenya,USAID,Afya Pwani,TB_STAT,2020,3923,955,1188,976,1163,4282
Kenya,USAID,Afya Ziwani,TB_STAT,2020,1003,259,244,173,236,912
Kenya,HHS/CDC,Bomu Hospital Affiliated Sites,TB_STAT,2020,464,158,171,129,144,602
Kenya,HHS/CDC,CHAK CHAP Uzima,TB_STAT,2020,2849,687,762,517,558,2524
Kenya,HHS/CDC,CHS Naishi,TB_STAT,2020,4799,1091,1497,1111,1053,4752
Kenya,HHS/CDC,CHS Shinda,TB_STAT,2020,1527,431,452,413,460,1756
Kenya,HHS/CDC,CHS Tegemeza Plus,TB_STAT,2020,2490,631,619,467,496,2213
Kenya,HHS/CDC,Columbia STARS,TB_STAT,2020,312,63,80,47,46,236
Kenya,HHS/CDC,Coptic Hospitals,TB_STAT,2020,152,28,45,42,30,145
Kenya,HHS/CDC,EGPAF Timiza,TB_STAT,2020,1783,313,355,364,362,1394
Kenya,HHS/CDC,Faith-Based Sites in the Eastern Slums of Nairobi,TB_STAT,2020,1357,306,282,221,223,1032
Kenya,HHS/CDC,HWWK Nairobi Eastern,TB_STAT,2020,,1,,,1,2
Kenya,USAID,Health Communication & Marketing (HCM),TB_STAT,2020,521,186,44,,,230
Kenya,HHS/CDC,IRDO Tuungane 3,TB_STAT,2020,,2,,,1,3
Kenya,USAID,Integrated Program for both HIV infected and affected children and their households,TB_STAT,2020,56,7,4,4,6,21
Kenya,HHS/CDC,KCCB KARP,TB_STAT,2020,1751,445,548,435,580,2008
Kenya,HHS/CDC,Kenya Prison Services,TB_STAT,2020,1120,219,160,103,136,618
Kenya,DOD,Kisumu West,TB_STAT,2020,193,30,37,32,24,123
Kenya,HHS/CDC,LVCT Daraja,TB_STAT,2020,120,3,1,6,4,14
Kenya,HHS/CDC,LVCT Steps,TB_STAT,2020,8,23,10,7,9,49
Kenya,HHS/CDC,Ngima for Sure,TB_STAT,2020,32,13,22,19,26,80
Kenya,DOD,South Rift Valley,TB_STAT,2020,3772,1121,1307,1024,1268,4720
Kenya,HHS/CDC,UCSF Clinical Kisumu,TB_STAT,2020,631,140,191,126,121,578
Kenya,HHS/CDC,UMB PACT Kamili,TB_STAT,2020,2217,387,432,292,304,1415
Kenya,HHS/CDC,UMB Timiza,TB_STAT,2020,2851,518,623,556,537,2234
Kenya,HHS/CDC,UON COE Niche,TB_STAT,2020,1027,103,228,107,153,591
Kenya,HHS/CDC,UON CRISSP Plus,TB_STAT,2020,4252,913,1096,782,709,3500
Kenya,USAID,AMPATHplus,TB_STAT,2021,10235,1949,2538,1811,1391,7689
Kenya,HHS/CDC,AMREF Nairobi Kitui,TB_STAT,2021,370,70,69,63,52,254
Kenya,USAID,Afya Jijini,TB_STAT,2021,4306,2048,2392,,,4440
Kenya,USAID,Afya Nyota ya Bonde,TB_STAT,2021,2555,1043,1110,,,2153
Kenya,USAID,Afya Pwani,TB_STAT,2021,3057,917,826,1192,,2935
Kenya,USAID,Afya Ziwani,TB_STAT,2021,650,194,239,206,,639
Kenya,HHS/CDC,Bomu Hospital Affiliated Sites,TB_STAT,2021,624,178,193,146,146,663
Kenya,HHS/CDC,CHAK CHAP Uzima,TB_STAT,2021,2971,620,803,538,554,2515
Kenya,HHS/CDC,CHS Naishi,TB_STAT,2021,3222,1013,1321,1178,1094,4606
Kenya,HHS/CDC,CHS Shinda,TB_STAT,2021,1779,520,807,615,504,2446
Kenya,HHS/CDC,CHS Tegemeza Plus,TB_STAT,2021,3325,638,712,584,632,2566
Kenya,HHS/CDC,Columbia STARS,TB_STAT,2021,155,59,61,62,56,238
Kenya,HHS/CDC,Coptic Hospitals,TB_STAT,2021,136,30,36,33,36,135
Kenya,HHS/CDC,EGPAF Timiza,TB_STAT,2021,1676,341,420,411,355,1527
Kenya,HHS/CDC,Faith-Based Sites in the Eastern Slums of Nairobi,TB_STAT,2021,1061,273,292,231,240,1036
Kenya,HHS/CDC,HWWK Nairobi Eastern,TB_STAT,2021,602,1,3,8,2,14
Kenya,USAID,Health Communication & Marketing (HCM),TB_STAT,2021,328,,,,,0
Kenya,HHS/CDC,IRDO Tuungane 3,TB_STAT,2021,138,3,,2,1,6
Kenya,USAID,Integrated Program for both HIV infected and affected children and their households,TB_STAT,2021,72,7,6,12,8,33
Kenya,HHS/CDC,KCCB KARP,TB_STAT,2021,1214,513,689,412,408,2022
Kenya,DOD,Kisumu West,TB_STAT,2021,115,39,31,40,39,149
Kenya,HHS/CDC,LVCT Daraja,TB_STAT,2021,243,4,6,3,18,31
Kenya,HHS/CDC,LVCT PRISONS,TB_STAT,2021,2792,92,166,127,196,581
Kenya,HHS/CDC,LVCT Steps,TB_STAT,2021,98,7,17,6,9,39
Kenya,USAID,Liverpool VCT Care & Treatment - (LVCT Health),TB_STAT,2021,2022,,,,889,889
Kenya,HHS/CDC,Ngima for Sure,TB_STAT,2021,28,15,29,22,12,78
Kenya,DOD,South Rift Valley,TB_STAT,2021,6396,985,1333,1112,1313,4743
Kenya,HHS/CDC,UCSF Clinical Kisumu,TB_STAT,2021,838,129,146,165,148,588
Kenya,HHS/CDC,UMB PACT Kamili,TB_STAT,2021,1747,315,420,421,382,1538
Kenya,HHS/CDC,UMB Timiza,TB_STAT,2021,2474,492,675,674,634,2475
Kenya,HHS/CDC,UON COE Niche,TB_STAT,2021,771,173,267,234,174,848
Kenya,HHS/CDC,UON CRISSP Plus,TB_STAT,2021,3774,614,710,768,815,2907
Kenya,USAID,USAID Boresha Jamii,TB_STAT,2021,1847,,,,667,667
Kenya,USAID,USAID Fahari ya Jamii,TB_STAT,2021,2812,,,1340,1561,2901
Kenya,USAID,USAID IMARISHA JAMII Program,TB_STAT,2021,1482,,,447,536,983
Kenya,USAID,USAID Jamii Tekelezi,TB_STAT,2021,2566,,,1075,1264,2339
Kenya,USAID,USAID Tujenge Jamii Activity,TB_STAT,2021,1615,,,806,909,1715
Kenya,HHS/CDC,Bomu Hospital Affiliated Sites,TB_STAT,2022,587,136,189,224,203,752
Kenya,HHS/CDC,CHAK CHAP Uzima,TB_STAT,2022,2839,557,620,527,399,2103
Kenya,HHS/CDC,CHS SHINDA TENA,TB_STAT,2022,2021,672,688,398,337,2095
Kenya,HHS/CDC,CHS Tegemeza Plus,TB_STAT,2022,2639,611,830,702,717,2860
Kenya,HHS/CDC,CIHEB CONNECT Nairobi,TB_STAT,2022,3034,673,755,713,643,2784
Kenya,HHS/CDC,CIHEB ENTRENCH,TB_STAT,2022,2294,507,600,440,345,1892
Kenya,HHS/CDC,CIHEB PACT Imara,TB_STAT,2022,5360,1157,1533,1072,904,4666
Kenya,HHS/CDC,COUNTY GOVERNMENT OF HOMA BAY,TB_STAT,2022,34,2,7,4,7,20
Kenya,HHS/CDC,Coptic Hospitals,TB_STAT,2022,121,47,52,44,46,189
Kenya,HHS/CDC,Faith-Based Sites in the Eastern Slums of Nairobi,TB_STAT,2022,1065,274,363,323,253,1213
Kenya,USAID,Integrated Program for both HIV infected and affected children and their households,TB_STAT,2022,86,7,4,1,,12
Kenya,HHS/CDC,KCCB KARP,TB_STAT,2022,1214,349,436,378,331,1494
Kenya,DOD,Kisumu West,TB_STAT,2022,117,50,26,31,15,122
Kenya,HHS/CDC,LVCT PRISONS,TB_STAT,2022,743,179,296,233,177,885
Kenya,HHS/CDC,LVCT Vukisha 95,TB_STAT,2022,3202,711,796,764,565,2836
Kenya,USAID,Liverpool VCT Care & Treatment - (LVCT Health),TB_STAT,2022,4496,844,1391,1116,1181,4532
Kenya,HHS/CDC,MIGORI COUNTY HEALTH MANAGEMENT TEAM,TB_STAT,2022,23,17,15,7,20,59
Kenya,HHS/CDC,NGIMA for sure,TB_STAT,2022,32,38,33,22,36,129
Kenya,HHS/CDC,NYERI COUNTY DEPARTMENT OF HEALTH SERVICES,TB_STAT,2022,118,12,8,11,8,39
Kenya,DOD,South Rift Valley,TB_STAT,2022,5221,1184,1416,1294,1134,5028
Kenya,HHS/CDC,UON CRISSP Plus,TB_STAT,2022,4207,847,1091,765,860,3563
Kenya,USAID,USAID AMPATH Uzima,TB_STAT,2022,4103,847,1155,935,816,3753
Kenya,USAID,USAID Boresha Jamii,TB_STAT,2022,3237,649,908,695,525,2777
Kenya,USAID,USAID Dumisha Afya,TB_STAT,2022,1751,341,455,360,317,1473
Kenya,USAID,USAID Fahari ya Jamii,TB_STAT,2022,5799,1486,1710,1400,1485,6081
Kenya,USAID,USAID IMARISHA JAMII Program,TB_STAT,2022,2315,456,501,561,522,2040
Kenya,USAID,USAID Jamii Tekelezi,TB_STAT,2022,4889,1199,1569,1198,1032,4998
Kenya,USAID,USAID Tujenge Jamii Activity,TB_STAT,2022,3605,778,1058,901,780,3517
Kenya,HHS/CDC,CHAP Stawisha,TB_STAT,2023,771,219,207,225,204,855
Kenya,HHS/CDC,CHS SHINDA TENA,TB_STAT,2023,2193,651,625,661,481,2418
Kenya,HHS/CDC,CIHEB CONNECT Nairobi,TB_STAT,2023,3435,783,889,1092,822,3586
Kenya,HHS/CDC,CIHEB ENTRENCH,TB_STAT,2023,2437,478,725,796,622,2621
Kenya,HHS/CDC,CIHEB PACT Imara,TB_STAT,2023,5939,1463,1427,1436,1321,5647
Kenya,HHS/CDC,COUNTY GOVERNMENT OF HOMA BAY,TB_STAT,2023,86,37,18,23,20,98
Kenya,HHS/CDC,Coptic Orthodox Church,TB_STAT,2023,692,133,182,189,196,700
Kenya,HHS/CDC,Kenya Conference of Catholic Bishops- ACTS,TB_STAT,2023,3995,923,1105,1105,911,4044
Kenya,DOD,Kisumu West,TB_STAT,2023,192,37,51,48,35,171
Kenya,HHS/CDC,LVCT Dhibiti,TB_STAT,2023,8122,1974,2059,2272,2049,8354
Kenya,HHS/CDC,LVCT PRISONS,TB_STAT,2023,744,271,275,326,311,1183
Kenya,HHS/CDC,LVCT Vukisha 95,TB_STAT,2023,3567,992,968,1039,1068,4067
Kenya,USAID,Liverpool VCT Care & Treatment - (LVCT Health),TB_STAT,2023,5012,1484,1501,1492,1462,5939
Kenya,HHS/CDC,MIGORI COUNTY HEALTH MANAGEMENT TEAM,TB_STAT,2023,25,9,16,13,6,44
Kenya,HHS/CDC,Mkomani Clinic Society,TB_STAT,2023,773,231,199,149,125,704
Kenya,HHS/CDC,NGIMA for sure,TB_STAT,2023,54,105,112,115,59,391
Kenya,HHS/CDC,NYERI COUNTY DEPARTMENT OF HEALTH SERVICES,TB_STAT,2023,152,27,29,31,21,108
Kenya,DOD,South Rift Valley,TB_STAT,2023,5744,1130,1413,1617,1527,5687
Kenya,USAID,USAID AMPATH Uzima,TB_STAT,2023,4527,739,957,1278,1163,4137
Kenya,USAID,USAID Boresha Jamii,TB_STAT,2023,3350,,,,,0
Kenya,USAID,USAID Dumisha Afya,TB_STAT,2023,1964,381,519,622,588,2110
Kenya,USAID,USAID Fahari ya Jamii,TB_STAT,2023,6472,1607,1923,1946,1745,7221
Kenya,USAID,USAID IMARISHA JAMII Program,TB_STAT,2023,2550,402,699,813,681,2595
Kenya,USAID,USAID Jamii Tekelezi,TB_STAT,2023,5290,1285,1313,1452,1495,5545
Kenya,USAID,USAID Nuru Ya Mtoto,TB_STAT,2023,,967,1128,1114,1075,4284
Kenya,USAID,USAID Tujenge Jamii Activity,TB_STAT,2023,3989,1105,1175,1184,1108,4572
Kenya,HHS/CDC,CHAP Stawisha,TB_STAT,2024,3093,427,594,705,589,2315
Kenya,HHS/CDC,CHS SHINDA TENA,TB_STAT,2024,2816,265,407,398,352,1422
Kenya,HHS/CDC,CIHEB CONNECT Nairobi,TB_STAT,2024,3746,635,875,796,908,3214
Kenya,HHS/CDC,CIHEB ENTRENCH,TB_STAT,2024,2803,474,773,798,666,2711
Kenya,HHS/CDC,CIHEB PACT Imara,TB_STAT,2024,5358,1148,1415,1111,1251,4925
Kenya,HHS/CDC,COUNTY GOVERNMENT OF HOMA BAY,TB_STAT,2024,113,40,48,44,52,184
Kenya,HHS/CDC,Coptic Orthodox Church,TB_STAT,2024,2067,331,556,641,560,2088
Kenya,HHS/CDC,Kenya Conference of Catholic Bishops- ACTS,TB_STAT,2024,1771,351,669,623,469,2112
Kenya,HHS/CDC,Kiambu County Endeleza Program,TB_STAT,2024,142,35,31,53,42,161
Kenya,HHS/CDC,Kisii CHMT,TB_STAT,2024,84,12,2,10,8,32
Kenya,DOD,Kisumu West,TB_STAT,2024,209,29,47,63,76,215
Kenya,HHS/CDC,LVCT Dhibiti,TB_STAT,2024,9302,1548,1796,1527,1815,6686
Kenya,HHS/CDC,LVCT PRISONS,TB_STAT,2024,931,234,278,293,401,1206
Kenya,HHS/CDC,LVCT Vukisha 95,TB_STAT,2024,4385,1036,1208,1032,1048,4324
Kenya,USAID,Liverpool VCT Care & Treatment - (LVCT Health),TB_STAT,2024,6269,1264,1486,1202,1402,5354
Kenya,HHS/CDC,MIGORI COUNTY HEALTH MANAGEMENT TEAM,TB_STAT,2024,29,19,28,22,11,80
Kenya,HHS/CDC,Machakos County Twaweza Project,TB_STAT,2024,388,52,62,37,51,202
Kenya,HHS/CDC,Mkomani Clinic Society,TB_STAT,2024,1275,157,215,257,334,963
Kenya,HHS/CDC,NGIMA for sure,TB_STAT,2024,70,122,194,214,172,702
Kenya,HHS/CDC,NYERI COUNTY DEPARTMENT OF HEALTH SERVICES,TB_STAT,2024,133,26,32,45,23,126
Kenya,HHS/CDC,SHINE- Sustainable HIV programming In Nairobi for Epidemic Control,TB_STAT,2024,122,80,86,84,76,326
Kenya,DOD,South Rift Valley,TB_STAT,2024,6309,1364,1654,1289,1454,5761
Kenya,HHS/CDC,Tujimudu,TB_STAT,2024,286,41,61,28,48,178
Kenya,HHS/CDC,Tujitegemee,TB_STAT,2024,209,46,47,49,63,205
Kenya,USAID,USAID AMPATH Uzima,TB_STAT,2024,5083,848,1214,1092,1211,4365
Kenya,USAID,USAID Dumisha Afya,TB_STAT,2024,2402,534,655,531,861,2581
Kenya,USAID,USAID Fahari ya Jamii,TB_STAT,2024,7772,1579,1957,1819,1979,7334
Kenya,USAID,USAID IMARISHA JAMII Program,TB_STAT,2024,2914,590,819,828,669,2906
Kenya,USAID,USAID Jamii Tekelezi,TB_STAT,2024,5772,1192,1456,1100,1079,4827
Kenya,USAID,USAID Nuru Ya Mtoto,TB_STAT,2024,4152,856,1240,1331,1236,4663
Kenya,USAID,USAID Tujenge Jamii Activity,TB_STAT,2024,5909,1176,1248,1241,1391,5056
Kenya,HHS/CDC,Uzinduzi,TB_STAT,2024,368,51,72,62,80,265
Kenya,HHS/CDC,Wezesha Afya,TB_STAT,2024,102,42,47,56,49,194
Kenya,HHS/CDC,CHAP Stawisha,TB_STAT,2025,3307,,,,456,456
Kenya,HHS/CDC,CHS SHINDA TENA,TB_STAT,2025,3449,,,,362,362
Kenya,HHS/CDC,CIHEB CONNECT Nairobi,TB_STAT,2025,4202,,,,2259,2259
Kenya,HHS/CDC,CIHEB ENTRENCH,TB_STAT,2025,3235,,,,603,603
Kenya,HHS/CDC,CIHEB PACT Imara,TB_STAT,2025,5609,,,,1158,1158
Kenya,HHS/CDC,COUNTY GOVERNMENT OF HOMA BAY,TB_STAT,2025,551,,,,128,128
Kenya,HHS/CDC,Coptic Orthodox Church,TB_STAT,2025,2330,,,,524,524
Kenya,HHS/CDC,Kenya Conference of Catholic Bishops- ACTS,TB_STAT,2025,2208,,,,438,438
Kenya,HHS/CDC,Kiambu County Endeleza Program,TB_STAT,2025,181,,,,52,52
Kenya,HHS/CDC,Kisii CHMT,TB_STAT,2025,94,,,,28,28
Kenya,DOD,Kisumu West,TB_STAT,2025,264,,,,53,53
Kenya,HHS/CDC,LVCT Dhibiti,TB_STAT,2025,9932,,,,1766,1766
Kenya,HHS/CDC,LVCT PRISONS,TB_STAT,2025,952,,,,281,281
Kenya,HHS/CDC,LVCT Vukisha 95,TB_STAT,2025,4203,,,,1086,1086
Kenya,USAID,Liverpool VCT Care & Treatment - (LVCT Health),TB_STAT,2025,6826,,,,1342,1342
Kenya,HHS/CDC,MIGORI COUNTY HEALTH MANAGEMENT TEAM,TB_STAT,2025,68,,,,50,50
Kenya,HHS/CDC,Machakos County Twaweza Project,TB_STAT,2025,513,,,,40,40
Kenya,HHS/CDC,Mkomani Clinic Society,TB_STAT,2025,1390,,,,331,331
Kenya,HHS/CDC,NGIMA for sure,TB_STAT,2025,87,,,,146,146
Kenya,HHS/CDC,NYERI COUNTY DEPARTMENT OF HEALTH SERVICES,TB_STAT,2025,325,,,,80,80
Kenya,HHS/CDC,SHINE- Sustainable HIV programming In Nairobi for Epidemic Control,TB_STAT,2025,171,,,,57,57
Kenya,DOD,South Rift Valley,TB_STAT,2025,7397,,,,1179,1179
Kenya,HHS/CDC,Tujimudu,TB_STAT,2025,296,,,,40,40
Kenya,HHS/CDC,Tujitegemee,TB_STAT,2025,422,,,,112,112
Kenya,USAID,USAID AMPATH Uzima,TB_STAT,2025,5332,,,,1180,1180
Kenya,USAID,USAID Dumisha Afya,TB_STAT,2025,2744,,,,882,882
Kenya,USAID,USAID Fahari ya Jamii,TB_STAT,2025,8760,,,,,0
Kenya,USAID,USAID IMARISHA JAMII Program,TB_STAT,2025,3081,,,,671,671
Kenya,USAID,USAID Jamii Tekelezi,TB_STAT,2025,5965,,,,1295,1295
Kenya,USAID,USAID Nuru Ya Mtoto,TB_STAT,2025,5018,,,,1165,1165
Kenya,USAID,USAID Tujenge Jamii Activity,TB_STAT,2025,6108,,,,1741,1741
Kenya,HHS/CDC,UzimaToGo,TB_STAT,2025,62,,,,10,10
Kenya,HHS/CDC,Uzinduzi,TB_STAT,2025,364,,,,84,84
Kenya,HHS/CDC,Wezesha Afya,TB_STAT,2025,127,,,,37,37
Kenya,USAID,AMPATHplus,TX_CURR,2020,191673,158102,163222,166098,170032,657454
Kenya,HHS/CDC,AMREF Nairobi Kitui,TX_CURR,2020,13877,10677,10814,10842,11299,43632
Kenya,USAID,Afya Jijini,TX_CURR,2020,51857,41574,42259,45109,46272,175214
Kenya,USAID,Afya Kamilisha,TX_CURR,2020,40849,35303,36557,36958,37524,146342
Kenya,USAID,Afya Nyota ya Bonde,TX_CURR,2020,72926,62170,64039,64252,65798,256259
Kenya,USAID,Afya Pwani,TX_CURR,2020,62882,51940,53082,57038,58965,221025
Kenya,USAID,Afya Ziwani,TX_CURR,2020,26235,22367,23234,24495,25288,95384
Kenya,HHS/CDC,Bomu Hospital Affiliated Sites,TX_CURR,2020,26184,21867,22583,23047,23870,91367
Kenya,HHS/CDC,CHAK CHAP Uzima,TX_CURR,2020,54836,51100,51796,52314,52927,208137
Kenya,HHS/CDC,CHS Naishi,TX_CURR,2020,65752,58604,60291,61126,62280,242301
Kenya,HHS/CDC,CHS Shinda,TX_CURR,2020,58205,75281,76312,77685,79504,308782
Kenya,HHS/CDC,CHS Tegemeza Plus,TX_CURR,2020,32322,26949,27264,27623,28127,109963
Kenya,HHS/CDC,Columbia STARS,TX_CURR,2020,8277,6880,6980,6944,6990,27794
Kenya,HHS/CDC,Coptic Hospitals,TX_CURR,2020,15218,14330,14621,14067,14912,57930
Kenya,HHS/CDC,EGPAF Timiza,TX_CURR,2020,97276,89452,90473,91864,92193,363982
Kenya,HHS/CDC,Faith-Based Sites in the Eastern Slums of Nairobi,TX_CURR,2020,34463,27445,28390,28513,28860,113208
Kenya,HHS/CDC,HWWK Nairobi Eastern,TX_CURR,2020,2002,363,388,486,522,1759
Kenya,USAID,Health Communication & Marketing (HCM),TX_CURR,2020,10650,8674,8756,,,17430
Kenya,HHS/CDC,IRDO Tuungane 3,TX_CURR,2020,45731,230,283,464,375,1352
Kenya,USAID,Integrated Program for both HIV infected and affected children and their households,TX_CURR,2020,4182,3175,3180,3151,3114,12620
Kenya,HHS/CDC,KCCB KARP,TX_CURR,2020,70127,79660,80400,80982,81800,322842
Kenya,HHS/CDC,Kenya Prison Services,TX_CURR,2020,11936,8655,9293,9437,9446,36831
Kenya,DOD,Kisumu West,TX_CURR,2020,11806,10424,10613,10681,10885,42603
Kenya,HHS/CDC,LVCT Daraja,TX_CURR,2020,8052,3862,3997,4112,4450,16421
Kenya,HHS/CDC,LVCT Steps,TX_CURR,2020,6041,4694,5009,4866,5204,19773
Kenya,USAID,Linkages,TX_CURR,2020,1474,,,,,0
Kenya,USAID,Meeting Targets and Maintaining Epidemic Control (EpiC),TX_CURR,2020,,406,570,679,776,2431
Kenya,HHS/CDC,Ngima for Sure,TX_CURR,2020,1770,3570,3580,3636,3655,14441
Kenya,DOD,South Rift Valley,TX_CURR,2020,53117,43144,44072,44762,45174,177152
Kenya,HHS/CDC,UCSF Clinical Kisumu,TX_CURR,2020,56361,50240,51395,51939,52937,206511
Kenya,HHS/CDC,UMB PACT Kamili,TX_CURR,2020,33624,27648,28174,28481,29011,113314
Kenya,HHS/CDC,UMB Timiza,TX_CURR,2020,95570,84930,86008,87042,88557,346537
Kenya,HHS/CDC,UON COE Niche,TX_CURR,2020,18643,14400,14542,14530,14561,58033
Kenya,HHS/CDC,UON CRISSP Plus,TX_CURR,2020,45530,36606,37018,37294,38079,148997
Kenya,USAID,AMPATHplus,TX_CURR,2021,195664,170356,173563,165518,110639,620076
Kenya,HHS/CDC,AMREF Nairobi Kitui,TX_CURR,2021,12448,11183,11468,11545,11571,45767
Kenya,USAID,Afya Jijini,TX_CURR,2021,81676,77383,78390,,,155773
Kenya,USAID,Afya Nyota ya Bonde,TX_CURR,2021,78789,67089,68296,,,135385
Kenya,USAID,Afya Pwani,TX_CURR,2021,64973,59184,59549,60012,,178745
Kenya,USAID,Afya Ziwani,TX_CURR,2021,31365,25658,25985,26275,,77918
Kenya,HHS/CDC,Bomu Hospital Affiliated Sites,TX_CURR,2021,27035,24115,24401,24843,25657,99016
Kenya,HHS/CDC,CHAK CHAP Uzima,TX_CURR,2021,55818,53321,53986,54596,55375,217278
Kenya,HHS/CDC,CHS Naishi,TX_CURR,2021,70536,62910,64458,65465,65915,258748
Kenya,HHS/CDC,CHS Shinda,TX_CURR,2021,86917,80799,82587,83942,84747,332075
Kenya,HHS/CDC,CHS Tegemeza Plus,TX_CURR,2021,38387,34770,35088,35555,35602,141015
Kenya,HHS/CDC,Columbia STARS,TX_CURR,2021,8154,6941,6992,7005,6991,27929
Kenya,HHS/CDC,Coptic Hospitals,TX_CURR,2021,13570,15370,15451,15202,15466,61489
Kenya,HHS/CDC,EGPAF Timiza,TX_CURR,2021,112708,93765,95904,95695,96780,382144
Kenya,HHS/CDC,Faith-Based Sites in the Eastern Slums of Nairobi,TX_CURR,2021,30125,28519,28347,28102,28359,113327
Kenya,HHS/CDC,HWWK Nairobi Eastern,TX_CURR,2021,2099,520,616,671,685,2492
Kenya,USAID,Health Communication & Marketing (HCM),TX_CURR,2021,5531,,,,,0
Kenya,HHS/CDC,IRDO Tuungane 3,TX_CURR,2021,6729,363,388,395,377,1523
Kenya,USAID,Integrated Program for both HIV infected and affected children and their households,TX_CURR,2021,3981,3123,3097,3055,3035,12310
Kenya,HHS/CDC,KCCB KARP,TX_CURR,2021,72422,82169,83158,83655,84406,333388
Kenya,DOD,Kisumu West,TX_CURR,2021,11715,10716,10840,10860,10965,43381
Kenya,HHS/CDC,LVCT Daraja,TX_CURR,2021,7760,4607,4736,4894,5038,19275
Kenya,HHS/CDC,LVCT PRISONS,TX_CURR,2021,14382,7788,7950,7572,7919,31229
Kenya,HHS/CDC,LVCT Steps,TX_CURR,2021,5363,5293,5516,5723,5845,22377
Kenya,USAID,Liverpool VCT Care & Treatment - (LVCT Health),TX_CURR,2021,64973,,,,60536,60536
Kenya,HHS/CDC,Ngima for Sure,TX_CURR,2021,4140,3645,3692,3719,3707,14763
Kenya,DOD,South Rift Valley,TX_CURR,2021,56850,45381,45895,46289,46896,184461
Kenya,HHS/CDC,UCSF Clinical Kisumu,TX_CURR,2021,55744,53402,54161,55255,55924,218742
Kenya,HHS/CDC,UMB PACT Kamili,TX_CURR,2021,29404,29335,30330,30777,31134,121576
Kenya,HHS/CDC,UMB Timiza,TX_CURR,2021,95118,89436,90905,92216,92956,365513
Kenya,HHS/CDC,UON COE Niche,TX_CURR,2021,16418,14206,14010,14205,13896,56317
Kenya,HHS/CDC,UON CRISSP Plus,TX_CURR,2021,50035,37961,38383,38464,38659,153467
Kenya,USAID,USAID Boresha Jamii,TX_CURR,2021,87987,,,,83224,83224
Kenya,USAID,USAID Fahari ya Jamii,TX_CURR,2021,68255,,,61783,62576,124359
Kenya,USAID,USAID IMARISHA JAMII Program,TX_CURR,2021,14838,,,8956,9544,18500
Kenya,USAID,USAID Jamii Tekelezi,TX_CURR,2021,32495,,,30779,31442,62221
Kenya,USAID,USAID Tujenge Jamii Activity,TX_CURR,2021,59715,,,55165,56204,111369
Kenya,HHS/CDC,Bomu Hospital Affiliated Sites,TX_CURR,2022,27300,25874,26064,26033,26276,104247
Kenya,HHS/CDC,CHAK CHAP Uzima,TX_CURR,2022,55470,55502,56195,56623,56841,225161
Kenya,HHS/CDC,CHS SHINDA TENA,TX_CURR,2022,86765,82428,83747,83974,84279,334428
Kenya,HHS/CDC,CHS Tegemeza Plus,TX_CURR,2022,31917,29916,30475,30632,30690,121713
Kenya,HHS/CDC,CIHEB CONNECT Nairobi,TX_CURR,2022,63273,61201,61969,62434,62656,248260
Kenya,HHS/CDC,CIHEB ENTRENCH,TX_CURR,2022,134801,129875,130677,130797,130530,521879
Kenya,HHS/CDC,CIHEB PACT Imara,TX_CURR,2022,72082,66081,67572,68064,68174,269891
Kenya,HHS/CDC,COUNTY GOVERNMENT OF HOMA BAY,TX_CURR,2022,2218,1888,1942,1976,2001,7807
Kenya,HHS/CDC,Coptic Hospitals,TX_CURR,2022,13712,15466,15534,15627,15868,62495
Kenya,HHS/CDC,Faith-Based Sites in the Eastern Slums of Nairobi,TX_CURR,2022,30269,28201,28387,28479,28497,113564
Kenya,USAID,Integrated Program for both HIV infected and affected children and their households,TX_CURR,2022,4026,3026,2958,2858,1613,10455
Kenya,HHS/CDC,KCCB KARP,TX_CURR,2022,74271,84602,85241,85492,85676,341011
Kenya,DOD,Kisumu West,TX_CURR,2022,12176,10969,11037,11072,11098,44176
Kenya,HHS/CDC,LVCT PRISONS,TX_CURR,2022,13311,7952,8173,8255,8238,32618
Kenya,HHS/CDC,LVCT Vukisha 95,TX_CURR,2022,148538,128050,130114,131717,131613,521494
Kenya,USAID,Liverpool VCT Care & Treatment - (LVCT Health),TX_CURR,2022,67218,60499,61081,61078,63288,245946
Kenya,HHS/CDC,MIGORI COUNTY HEALTH MANAGEMENT TEAM,TX_CURR,2022,1295,958,977,993,990,3918
Kenya,HHS/CDC,NGIMA for sure,TX_CURR,2022,7500,7276,7047,7003,7001,28327
Kenya,HHS/CDC,NYERI COUNTY DEPARTMENT OF HEALTH SERVICES,TX_CURR,2022,1565,1649,1675,1696,1701,6721
Kenya,DOD,South Rift Valley,TX_CURR,2022,52443,47326,47587,46890,47853,189656
Kenya,HHS/CDC,UON CRISSP Plus,TX_CURR,2022,50397,39830,40401,40437,40685,161353
Kenya,USAID,USAID AMPATH Uzima,TX_CURR,2022,66444,55301,56907,57426,57768,227402
Kenya,USAID,USAID Boresha Jamii,TX_CURR,2022,94130,83890,85329,86100,85884,341203
Kenya,USAID,USAID Dumisha Afya,TX_CURR,2022,59165,54801,55692,56400,56963,223856
Kenya,USAID,USAID Fahari ya Jamii,TX_CURR,2022,65979,62453,63538,64259,65361,255611
Kenya,USAID,USAID IMARISHA JAMII Program,TX_CURR,2022,12799,9375,9705,9924,10088,39092
Kenya,USAID,USAID Jamii Tekelezi,TX_CURR,2022,37586,35920,36655,36898,37157,146630
Kenya,USAID,USAID Tujenge Jamii Activity,TX_CURR,2022,57478,56394,57452,57752,58162,229760
Kenya,HHS/CDC,CHAP Stawisha,TX_CURR,2023,21705,19193,19345,19495,19567,77600
Kenya,HHS/CDC,CHS SHINDA TENA,TX_CURR,2023,81614,79091,79447,79835,78753,317126
Kenya,HHS/CDC,CIHEB CONNECT Nairobi,TX_CURR,2023,64300,62641,62990,63652,64287,253570
Kenya,HHS/CDC,CIHEB ENTRENCH,TX_CURR,2023,141777,129530,128953,129453,129522,517458
Kenya,HHS/CDC,CIHEB PACT Imara,TX_CURR,2023,67045,68508,69301,69844,69900,277553
Kenya,HHS/CDC,COUNTY GOVERNMENT OF HOMA BAY,TX_CURR,2023,5964,5539,5628,5704,5748,22619
Kenya,HHS/CDC,Coptic Orthodox Church,TX_CURR,2023,22771,25140,25407,25792,25971,102310
Kenya,HHS/CDC,Kenya Conference of Catholic Bishops- ACTS,TX_CURR,2023,118191,141595,141665,141392,141350,566002
Kenya,DOD,Kisumu West,TX_CURR,2023,12167,11147,11203,11276,11376,45002
Kenya,HHS/CDC,LVCT Dhibiti,TX_CURR,2023,86560,69539,70657,71627,72413,284236
Kenya,HHS/CDC,LVCT PRISONS,TX_CURR,2023,13204,7996,7981,8271,8409,32657
Kenya,HHS/CDC,LVCT Vukisha 95,TX_CURR,2023,149962,129183,131172,132998,133535,526888
Kenya,USAID,Liverpool VCT Care & Treatment - (LVCT Health),TX_CURR,2023,66034,63962,65319,66362,67299,262942
Kenya,HHS/CDC,MIGORI COUNTY HEALTH MANAGEMENT TEAM,TX_CURR,2023,1533,989,1011,1030,1002,4032
Kenya,HHS/CDC,Mkomani Clinic Society,TX_CURR,2023,27106,26001,26042,26096,26033,104172
Kenya,HHS/CDC,NGIMA for sure,TX_CURR,2023,13733,12362,12148,12078,12058,48646
Kenya,HHS/CDC,NYERI COUNTY DEPARTMENT OF HEALTH SERVICES,TX_CURR,2023,1823,2455,2478,2488,2512,9933
Kenya,DOD,South Rift Valley,TX_CURR,2023,51843,47746,48835,49556,50907,197044
Kenya,USAID,USAID AMPATH Uzima,TX_CURR,2023,61521,56994,57932,59462,60887,235275
Kenya,USAID,USAID Boresha Jamii,TX_CURR,2023,97410,,,,,0
Kenya,USAID,USAID Dumisha Afya,TX_CURR,2023,60386,57074,57669,58301,58889,231933
Kenya,USAID,USAID Fahari ya Jamii,TX_CURR,2023,73796,65905,66910,67600,68398,268813
Kenya,USAID,USAID IMARISHA JAMII Program,TX_CURR,2023,10763,9911,10166,10120,10187,40384
Kenya,USAID,USAID Jamii Tekelezi,TX_CURR,2023,36372,35719,36217,36622,37112,145670
Kenya,USAID,USAID Nuru Ya Mtoto,TX_CURR,2023,,86611,87375,88261,89428,351675
Kenya,USAID,USAID Tujenge Jamii Activity,TX_CURR,2023,59061,58167,58849,59539,59849,236404
Kenya,HHS/CDC,CHAP Stawisha,TX_CURR,2024,45087,41516,41946,42229,42308,167999
Kenya,HHS/CDC,CHS SHINDA TENA,TX_CURR,2024,63016,57261,57415,57695,57617,229988
Kenya,HHS/CDC,CIHEB CONNECT Nairobi,TX_CURR,2024,61576,59346,60262,58321,58674,236603
Kenya,HHS/CDC,CIHEB ENTRENCH,TX_CURR,2024,139762,128145,129143,129454,128769,515511
Kenya,HHS/CDC,CIHEB PACT Imara,TX_CURR,2024,55349,60362,61122,61352,61521,244357
Kenya,HHS/CDC,COUNTY GOVERNMENT OF HOMA BAY,TX_CURR,2024,12620,11980,12102,12169,12227,48478
Kenya,HHS/CDC,Coptic Orthodox Church,TX_CURR,2024,53081,54507,55083,55102,54991,219683
Kenya,HHS/CDC,Kenya Conference of Catholic Bishops- ACTS,TX_CURR,2024,64354,85096,84750,83519,82909,336274
Kenya,HHS/CDC,Kiambu County Endeleza Program,TX_CURR,2024,1426,1442,1476,1490,1506,5914
Kenya,HHS/CDC,Kisii CHMT,TX_CURR,2024,1483,1507,1525,1521,1533,6086
Kenya,DOD,Kisumu West,TX_CURR,2024,12057,11425,11483,11548,11641,46097
Kenya,HHS/CDC,LVCT Dhibiti,TX_CURR,2024,75852,67290,68182,68555,68919,272946
Kenya,HHS/CDC,LVCT PRISONS,TX_CURR,2024,13192,8516,8820,8964,9173,35473
Kenya,HHS/CDC,LVCT Vukisha 95,TX_CURR,2024,144433,126979,128492,129471,128415,513357
Kenya,USAID,Liverpool VCT Care & Treatment - (LVCT Health),TX_CURR,2024,66639,67878,69591,70376,70816,278661
Kenya,HHS/CDC,MIGORI COUNTY HEALTH MANAGEMENT TEAM,TX_CURR,2024,3215,2696,2730,2751,2746,10923
Kenya,HHS/CDC,Machakos County Twaweza Project,TX_CURR,2024,4044,3980,4005,4005,4019,16009
Kenya,HHS/CDC,Mkomani Clinic Society,TX_CURR,2024,34054,31965,32079,32167,32294,128505
Kenya,HHS/CDC,NGIMA for sure,TX_CURR,2024,33229,31816,31532,31734,31668,126750
Kenya,HHS/CDC,NYERI COUNTY DEPARTMENT OF HEALTH SERVICES,TX_CURR,2024,3232,4094,4092,4100,4102,16388
Kenya,HHS/CDC,SHINE- Sustainable HIV programming In Nairobi for Epidemic Control,TX_CURR,2024,2109,5268,5376,5493,5582,21719
Kenya,DOD,South Rift Valley,TX_CURR,2024,50878,51246,52804,53631,54544,212225
Kenya,HHS/CDC,Tujimudu,TX_CURR,2024,2666,2461,2485,2511,2508,9965
Kenya,HHS/CDC,Tujitegemee,TX_CURR,2024,1439,1515,1548,1558,1567,6188
Kenya,USAID,USAID AMPATH Uzima,TX_CURR,2024,60704,61471,62578,62953,63676,250678
Kenya,USAID,USAID Dumisha Afya,TX_CURR,2024,60509,59304,60062,60477,60901,240744
Kenya,USAID,USAID Fahari ya Jamii,TX_CURR,2024,73696,68706,70942,71759,72599,284006
Kenya,USAID,USAID IMARISHA JAMII Program,TX_CURR,2024,10799,10596,10741,10631,10728,42696
Kenya,USAID,USAID Jamii Tekelezi,TX_CURR,2024,36483,37388,38271,38844,39164,153667
Kenya,USAID,USAID Nuru Ya Mtoto,TX_CURR,2024,97322,90649,91694,92304,92757,367404
Kenya,USAID,USAID Tujenge Jamii Activity,TX_CURR,2024,58841,60245,61011,61666,61879,244801
Kenya,HHS/CDC,Uzinduzi,TX_CURR,2024,3307,3368,3403,3403,3418,13592
Kenya,HHS/CDC,Wezesha Afya,TX_CURR,2024,917,1051,1085,1107,1129,4372
Kenya,HHS/CDC,CHAP Stawisha,TX_CURR,2025,42878,,,,42504,42504
Kenya,HHS/CDC,CHS SHINDA TENA,TX_CURR,2025,60744,,,,54061,54061
Kenya,HHS/CDC,CIHEB CONNECT Nairobi,TX_CURR,2025,59734,,,,109233,109233
Kenya,HHS/CDC,CIHEB ENTRENCH,TX_CURR,2025,129881,,,,124111,124111
Kenya,HHS/CDC,CIHEB PACT Imara,TX_CURR,2025,62498,,,,62790,62790
Kenya,HHS/CDC,COUNTY GOVERNMENT OF HOMA BAY,TX_CURR,2025,13262,,,,18008,18008
Kenya,HHS/CDC,Coptic Orthodox Church,TX_CURR,2025,56614,,,,55133,55133
Kenya,HHS/CDC,Kenya Conference of Catholic Bishops- ACTS,TX_CURR,2025,88757,,,,82326,82326
Kenya,HHS/CDC,Kiambu County Endeleza Program,TX_CURR,2025,1491,,,,1378,1378
Kenya,HHS/CDC,Kisii CHMT,TX_CURR,2025,1740,,,,3236,3236
Kenya,DOD,Kisumu West,TX_CURR,2025,11934,,,,11854,11854
Kenya,HHS/CDC,LVCT Dhibiti,TX_CURR,2025,69283,,,,63720,63720
Kenya,HHS/CDC,LVCT PRISONS,TX_CURR,2025,8913,,,,9201,9201
Kenya,HHS/CDC,LVCT Vukisha 95,TX_CURR,2025,131206,,,,120521,120521
Kenya,USAID,Liverpool VCT Care & Treatment - (LVCT Health),TX_CURR,2025,70391,,,,71831,71831
Kenya,HHS/CDC,MIGORI COUNTY HEALTH MANAGEMENT TEAM,TX_CURR,2025,3874,,,,4599,4599
Kenya,HHS/CDC,Machakos County Twaweza Project,TX_CURR,2025,4092,,,,4079,4079
Kenya,HHS/CDC,Mkomani Clinic Society,TX_CURR,2025,33142,,,,30406,30406
Kenya,HHS/CDC,NGIMA for sure,TX_CURR,2025,33749,,,,31110,31110
Kenya,HHS/CDC,NYERI COUNTY DEPARTMENT OF HEALTH SERVICES,TX_CURR,2025,4227,,,,5776,5776
Kenya,HHS/CDC,SHINE- Sustainable HIV programming In Nairobi for Epidemic Control,TX_CURR,2025,7382,,,,6997,6997
Kenya,DOD,South Rift Valley,TX_CURR,2025,53225,,,,55226,55226
Kenya,HHS/CDC,Tujimudu,TX_CURR,2025,2544,,,,2473,2473
Kenya,HHS/CDC,Tujitegemee,TX_CURR,2025,1780,,,,3288,3288
Kenya,USAID,USAID AMPATH Uzima,TX_CURR,2025,63393,,,,64334,64334
Kenya,USAID,USAID Dumisha Afya,TX_CURR,2025,61347,,,,62159,62159
Kenya,USAID,USAID Fahari ya Jamii,TX_CURR,2025,71295,,,,,0
Kenya,USAID,USAID IMARISHA JAMII Program,TX_CURR,2025,10779,,,,9826,9826
Kenya,USAID,USAID Jamii Tekelezi,TX_CURR,2025,38531,,,,39930,39930
Kenya,USAID,USAID Nuru Ya Mtoto,TX_CURR,2025,93665,,,,91740,91740
Kenya,USAID,USAID Tujenge Jamii Activity,TX_CURR,2025,62340,,,,73212,73212
Kenya,HHS/CDC,UzimaToGo,TX_CURR,2025,2868,,,,2611,2611
Kenya,HHS/CDC,Uzinduzi,TX_CURR,2025,3568,,,,4295,4295
Kenya,HHS/CDC,Wezesha Afya,TX_CURR,2025,1099,,,,2484,2484
